Workbook

Sheet toAdd
A1: Current Players to Add | E1: Calculator | F1: =E2+F2 -> 56
A2: Players will be added at 100 Games | E2: 51 | F2: 5
A4: 2025: Top | D4: Jungle | G4: Mid | J4: Adc | M4: Support
A5: Player | B5: Games | D5: Player | E5: Games | G5: Player | H5: Games | J5: Player | K5: Games | M5: Player | N5: Games
A6: Rich | B6: 97 | D6: HamBak | E6: 56 | G6: Ucal | J6: Diable
G7: Calix
G8: Fisher

Sheet Top
A1: Top | B1: 2022 | C1: Games: | D1: 686 | G1: 2023 | H1: Games: | I1: 688 | L1: 2024 | M1: Games: | N1: 679 | Q1: 2025 | R1: Games: | S1: 754 | V1: 2026 | W1: Games: | X1: 125
A2: Champion | B2: Picks | C2: Total | D2: Bans | E2: Wins | G2: Picks | H2: Total | I2: Bans | J2: Wins | L2: Picks | M2: Total | N2: Bans | O2: Wins | Q2: Picks | R2: Total | S2: Bans | T2: Wins | V2: Picks | W2: Total | X2: Bans | Y2: Wins | AA2: Total Picks | AB2: Pickrate | AC2: Winrate
A3: Renekton | B3: 64 | C3: 67 | D3: 156 | E3: 28 | G3: 215 | H3: 216 | I3: 208 | J3: 103 | L3: 119 | M3: 121 | N3: 141 | O3: 45 | Q3: 85 | R3: 87 | S3: 79 | T3: 53 | V3: 28 | W3: 28 | X3: 18 | Y3: 14 | AA3: =B3+G3+L3+Q3+V3 -> 511 | AB3: =(AA3+(B3/C3*D3+G3/H3*I3+L3/M3*N3+Q3/R3*S3+V3/W3*X3))/($D$1+$I$1+$N$1+$S$1+$X$1) -> 0.37547929 | AC3: =(E3+J3+O3+T3+Y3)/(AA3) -> 0.47553816
A4: K'Sante | C4: 1 | G4: 245 | H4: 269 | I4: 192 | J4: 115 | L4: 278 | M4: 279 | N4: 154 | O4: 149 | Q4: 120 | R4: 120 | S4: 60 | T4: 50 | V4: 25 | W4: 25 | X4: 14 | Y4: 14 | AA4: =B4+G4+L4+Q4+V4 -> 668 | AB4: =(AA4+(B4/C4*D4+G4/H4*I4+L4/M4*N4+Q4/R4*S4+V4/W4*X4))/($D$1+$I$1+$N$1+$S$1+$X$1) -> 0.36504704 | AC4: =(E4+J4+O4+T4+Y4)/(AA4) -> 0.49101796
A5: Rumble | B5: 6 | C5: 7 | D5: 1 | E5: 2 | G5: 45 | H5: 48 | I5: 104 | J5: 26 | L5: 109 | M5: 121 | N5: 314 | O5: 64 | Q5: 211 | R5: 211 | S5: 171 | T5: 106 | V5: 19 | W5: 19 | X5: 75 | Y5: 10 | AA5: =B5+G5+L5+Q5+V5 -> 390 | AB5: =(AA5+(B5/C5*D5+G5/H5*I5+L5/M5*N5+Q5/R5*S5+V5/W5*X5))/($D$1+$I$1+$N$1+$S$1+$X$1) -> 0.3469361 | AC5: =(E5+J5+O5+T5+Y5)/(AA5) -> 0.53333333
A6: Gwen | B6: 189 | C6: 194 | D6: 173 | E6: 84 | G6: 32 | H6: 32 | I6: 36 | J6: 14 | L6: 17 | M6: 17 | N6: 3 | O6: 6 | Q6: 121 | R6: 121 | S6: 197 | T6: 67 | V6: 22 | W6: 22 | X6: 30 | Y6: 16 | AA6: =B6+G6+L6+Q6+V6 -> 381 | AB6: =(AA6+(B6/C6*D6+G6/H6*I6+L6/M6*N6+Q6/R6*S6+V6/W6*X6))/($D$1+$I$1+$N$1+$S$1+$X$1) -> 0.27815185 | AC6: =(E6+J6+O6+T6+Y6)/(AA6) -> 0.49081365
A7: Gnar | B7: 188 | C7: 188 | D7: 75 | E7: 93 | G7: 129 | H7: 129 | I7: 70 | J7: 76 | L7: 141 | M7: 141 | N7: 74 | O7: 71 | Q7: 50 | R7: 50 | S7: 34 | T7: 22 | V7: 23 | W7: 23 | X7: 15 | Y7: 13 | AA7: =B7+G7+L7+Q7+V7 -> 531 | AB7: =(AA7+(B7/C7*D7+G7/H7*I7+L7/M7*N7+Q7/R7*S7+V7/W7*X7))/($D$1+$I$1+$N$1+$S$1+$X$1) -> 0.27251023 | AC7: =(E7+J7+O7+T7+Y7)/(AA7) -> 0.51789077
A8: Jax | B8: 36 | C8: 36 | D8: 25 | E8: 19 | G8: 188 | H8: 189 | I8: 185 | J8: 93 | L8: 103 | M8: 121 | N8: 105 | O8: 45 | Q8: 76 | R8: 78 | S8: 55 | T8: 39 | V8: 9 | W8: 11 | X8: 8 | Y8: 3 | AA8: =B8+G8+L8+Q8+V8 -> 412 | AB8: =(AA8+(B8/C8*D8+G8/H8*I8+L8/M8*N8+Q8/R8*S8+V8/W8*X8))/($D$1+$I$1+$N$1+$S$1+$X$1) -> 0.26280236 | AC8: =(E8+J8+O8+T8+Y8)/(AA8) -> 0.48300971
A9: Jayce | B9: 64 | C9: 66 | D9: 91 | E9: 40 | G9: 57 | H9: 143 | I9: 154 | J9: 32 | L9: 18 | M9: 29 | N9: 38 | O9: 10 | Q9: 115 | R9: 126 | S9: 118 | T9: 56 | V9: 5 | W9: 11 | X9: 74 | Y9: 2 | AA9: =B9+G9+L9+Q9+V9 -> 259 | AB9: =(AA9+(B9/C9*D9+G9/H9*I9+L9/M9*N9+Q9/R9*S9+V9/W9*X9))/($D$1+$I$1+$N$1+$S$1+$X$1) -> 0.19561665 | AC9: =(E9+J9+O9+T9+Y9)/(AA9) -> 0.54054054
A10: Aatrox | B10: 81 | C10: 82 | D10: 91 | E10: 48 | G10: 61 | H10: 61 | I10: 24 | J10: 27 | L10: 111 | M10: 111 | N10: 40 | O10: 54 | Q10: 68 | R10: 68 | S10: 19 | T10: 35 | V10: 5 | W10: 14 | X10: 1 | Y10: 2 | AA10: =B10+G10+L10+Q10+V10 -> 326 | AB10: =(AA10+(B10/C10*D10+G10/H10*I10+L10/M10*N10+Q10/R10*S10+V10/W10*X10))/($D$1+$I$1+$N$1+$S$1+$X$1) -> 0.17027537 | AC10: =(E10+J10+O10+T10+Y10)/(AA10) -> 0.50920245
A11: Ornn | B11: 94 | C11: 97 | D11: 100 | E11: 49 | G11: 39 | H11: 39 | I11: 14 | J11: 17 | L11: 16 | M11: 41 | N11: 6 | O11: 9 | Q11: 59 | R11: 60 | S11: 44 | T11: 33 | V11: 6 | W11: 6 | X11: 1 | Y11: 2 | AA11: =B11+G11+L11+Q11+V11 -> 214 | AB11: =(AA11+(B11/C11*D11+G11/H11*I11+L11/M11*N11+Q11/R11*S11+V11/W11*X11))/($D$1+$I$1+$N$1+$S$1+$X$1) -> 0.12671055 | AC11: =(E11+J11+O11+T11+Y11)/(AA11) -> 0.51401869
A12: Sion | B12: 18 | C12: 20 | D12: 2 | E12: 8 | G12: 59 | H12: 63 | I12: 30 | J12: 29 | L12: 4 | M12: 7 | N12: 0 | O12: 1 | Q12: 127 | R12: 127 | S12: 88 | T12: 67 | V12: 27 | W12: 27 | X12: 7 | Y12: 6 | AA12: =B12+G12+L12+Q12+V12 -> 235 | AB12: =(AA12+(B12/C12*D12+G12/H12*I12+L12/M12*N12+Q12/R12*S12+V12/W12*X12))/($D$1+$I$1+$N$1+$S$1+$X$1) -> 0.12274735 | AC12: =(E12+J12+O12+T12+Y12)/(AA12) -> 0.47234043
A13: Ambessa | C13: 1 | H13: 1 | M13: 1 | Q13: 172 | R13: 176 | S13: 127 | T13: 67 | V13: 20 | W13: 31 | X13: 33 | Y13: 10 | AA13: =B13+G13+L13+Q13+V13 -> 192 | AB13: =(AA13+(B13/C13*D13+G13/H13*I13+L13/M13*N13+Q13/R13*S13+V13/W13*X13))/($D$1+$I$1+$N$1+$S$1+$X$1) -> 0.11507638 | AC13: =(E13+J13+O13+T13+Y13)/(AA13) -> 0.40104167
A14: Gragas | B14: 99 | C14: 108 | D14: 38 | E14: 53 | G14: 80 | H14: 118 | I14: 77 | J14: 46 | L14: 12 | M14: 15 | N14: 3 | O14: 9 | Q14: 23 | R14: 32 | S14: 12 | T14: 11 | V14: 2 | W14: 2 | X14: 0 | Y14: 0 | AA14: =B14+G14+L14+Q14+V14 -> 216 | AB14: =(AA14+(B14/C14*D14+G14/H14*I14+L14/M14*N14+Q14/R14*S14+V14/W14*X14))/($D$1+$I$1+$N$1+$S$1+$X$1) -> 0.10711519 | AC14: =(E14+J14+O14+T14+Y14)/(AA14) -> 0.55092593
A15: Kennen | B15: 28 | C15: 28 | D15: 18 | E15: 12 | G15: 32 | H15: 32 | I15: 73 | J15: 14 | L15: 39 | M15: 39 | N15: 20 | O15: 16 | Q15: 10 | R15: 10 | S15: 3 | T15: 5 | V15: 12 | W15: 12 | X15: 15 | Y15: 7 | AA15: =B15+G15+L15+Q15+V15 -> 121 | AB15: =(AA15+(B15/C15*D15+G15/H15*I15+L15/M15*N15+Q15/R15*S15+V15/W15*X15))/($D$1+$I$1+$N$1+$S$1+$X$1) -> 0.08526603 | AC15: =(E15+J15+O15+T15+Y15)/(AA15) -> 0.44628099
A16: Camille | B16: 57 | C16: 58 | D16: 44 | E16: 33 | G16: 15 | H16: 15 | I16: 7 | J16: 6 | L16: 34 | M16: 38 | N16: 26 | O16: 19 | Q16: 31 | R16: 34 | S16: 18 | T16: 23 | W16: 1 | AA16: =B16+G16+L16+Q16+V16 -> 137 | AB16: =(AA16+(B16/C16*D16+G16/H16*I16+L16/M16*N16+Q16/R16*S16+V16/W16*X16))/($D$1+$I$1+$N$1+$S$1+$X$1) -> 0.077393009 | AC16: =(E16+J16+O16+T16+Y16)/(AA16) -> 0.59124088
A17: Gankplank | B17: 85 | C17: 85 | D17: 88 | E17: 48 | G17: 11 | H17: 11 | I17: 4 | J17: 9 | L17: 12 | M17: 12 | N17: 7 | O17: 9 | Q17: 12 | R17: 12 | S17: 3 | T17: 6 | W17: 1 | AA17: =B17+G17+L17+Q17+V17 -> 120 | AB17: =(AA17+(B17/C17*D17+G17/H17*I17+L17/M17*N17+Q17/R17*S17+V17/W17*X17))/($D$1+$I$1+$N$1+$S$1+$X$1) -> 0.075716235 | AC17: =(E17+J17+O17+T17+Y17)/(AA17) -> 0.6
A18: Aurora | C18: 1 | H18: 1 | L18: 18 | M18: 32 | N18: 95 | O18: 12 | Q18: 50 | R18: 147 | S18: 133 | T18: 28 | V18: 9 | W18: 24 | X18: 16 | Y18: 3 | AA18: =B18+G18+L18+Q18+V18 -> 77 | AB18: =(AA18+(B18/C18*D18+G18/H18*I18+L18/M18*N18+Q18/R18*S18+V18/W18*X18))/($D$1+$I$1+$N$1+$S$1+$X$1) -> 0.061963027 | AC18: =(E18+J18+O18+T18+Y18)/(AA18) -> 0.55844156
A19: Poppy | B19: 1 | C19: 104 | D19: 163 | E19: 0 | G19: 29 | H19: 84 | I19: 196 | J19: 17 | L19: 23 | M19: 118 | N19: 148 | O19: 7 | Q19: 7 | R19: 133 | S19: 301 | T19: 4 | W19: 1 | AA19: =B19+G19+L19+Q19+V19 -> 60 | AB19: =(AA19+(B19/C19*D19+G19/H19*I19+L19/M19*N19+Q19/R19*S19+V19/W19*X19))/($D$1+$I$1+$N$1+$S$1+$X$1) -> 0.059319078 | AC19: =(E19+J19+O19+T19+Y19)/(AA19) -> 0.46666667
A20: Fiora | B20: 41 | C20: 41 | D20: 34 | E20: 23 | G20: 39 | H20: 40 | I20: 38 | J20: 21 | M20: 1 | Q20: 4 | R20: 4 | S20: 0 | T20: 2 | W20: 1 | AA20: =B20+G20+L20+Q20+V20 -> 84 | AB20: =(AA20+(B20/C20*D20+G20/H20*I20+L20/M20*N20+Q20/R20*S20+V20/W20*X20))/($D$1+$I$1+$N$1+$S$1+$X$1) -> 0.052881992 | AC20: =(E20+J20+O20+T20+Y20)/(AA20) -> 0.54761905
A21: Twisted Fate | C21: 1 | H21: 1 | L21: 48 | M21: 54 | N21: 107 | O21: 32 | R21: 1 | W21: 1 | AA21: =B21+G21+L21+Q21+V21 -> 48 | AB21: =(AA21+(B21/C21*D21+G21/H21*I21+L21/M21*N21+Q21/R21*S21+V21/W21*X21))/($D$1+$I$1+$N$1+$S$1+$X$1) -> 0.048810065 | AC21: =(E21+J21+O21+T21+Y21)/(AA21) -> 0.66666667
A22: Sejuani | B22: 69 | C22: 123 | D22: 97 | E22: 34 | G22: 5 | H22: 258 | I22: 221 | J22: 2 | M22: 1 | R22: 1 | W22: 1 | AA22: =B22+G22+L22+Q22+V22 -> 74 | AB22: =(AA22+(B22/C22*D22+G22/H22*I22+L22/M22*N22+Q22/R22*S22+V22/W22*X22))/($D$1+$I$1+$N$1+$S$1+$X$1) -> 0.045258383 | AC22: =(E22+J22+O22+T22+Y22)/(AA22) -> 0.48648649
A23: Tryndamere | B23: 46 | C23: 51 | D23: 96 | E23: 20 | H23: 1 | M23: 1 | R23: 1 | W23: 1 | AA23: =B23+G23+L23+Q23+V23 -> 46 | AB23: =(AA23+(B23/C23*D23+G23/H23*I23+L23/M23*N23+Q23/R23*S23+V23/W23*X23))/($D$1+$I$1+$N$1+$S$1+$X$1) -> 0.04522109 | AC23: =(E23+J23+O23+T23+Y23)/(AA23) -> 0.43478261
A24: Udyr | C24: 1 | H24: 1 | L24: 63 | M24: 63 | N24: 46 | O24: 26 | Q24: 1 | R24: 1 | S24: 0 | T24: 0 | W24: 1 | AA24: =B24+G24+L24+Q24+V24 -> 64 | AB24: =(AA24+(B24/C24*D24+G24/H24*I24+L24/M24*N24+Q24/R24*S24+V24/W24*X24))/($D$1+$I$1+$N$1+$S$1+$X$1) -> 0.037517053 | AC24: =(E24+J24+O24+T24+Y24)/(AA24) -> 0.40625
A25: Yorick | C25: 1 | H25: 1 | M25: 1 | Q25: 61 | R25: 61 | S25: 38 | T25: 25 | V25: 3 | W25: 3 | X25: 4 | Y25: 1 | AA25: =B25+G25+L25+Q25+V25 -> 64 | AB25: =(AA25+(B25/C25*D25+G25/H25*I25+L25/M25*N25+Q25/R25*S25+V25/W25*X25))/($D$1+$I$1+$N$1+$S$1+$X$1) -> 0.036152797 | AC25: =(E25+J25+O25+T25+Y25)/(AA25) -> 0.40625
A26: Akali | B26: 39 | C26: 108 | D26: 141 | E26: 23 | G26: 2 | H26: 68 | I26: 85 | J26: 0 | L26: 1 | M26: 37 | N26: 25 | O26: 0 | Q26: 2 | R26: 35 | S26: 36 | T26: 1 | V26: 1 | W26: 11 | X26: 21 | Y26: 1 | AA26: =B26+G26+L26+Q26+V26 -> 45 | AB26: =(AA26+(B26/C26*D26+G26/H26*I26+L26/M26*N26+Q26/R26*S26+V26/W26*X26))/($D$1+$I$1+$N$1+$S$1+$X$1) -> 0.035149583 | AC26: =(E26+J26+O26+T26+Y26)/(AA26) -> 0.55555556
A27: Graves | B27: 48 | C27: 111 | D27: 114 | E27: 26 | G27: 1 | H27: 3 | I27: 0 | J27: 1 | M27: 1 | R27: 1 | W27: 1 | AA27: =B27+G27+L27+Q27+V27 -> 49 | AB27: =(AA27+(B27/C27*D27+G27/H27*I27+L27/M27*N27+Q27/R27*S27+V27/W27*X27))/($D$1+$I$1+$N$1+$S$1+$X$1) -> 0.033525681 | AC27: =(E27+J27+O27+T27+Y27)/(AA27) -> 0.55102041
A28: Skarner | C28: 1 | H28: 1 | L28: 47 | M28: 97 | N28: 82 | O28: 26 | R28: 1 | W28: 1 | AA28: =B28+G28+L28+Q28+V28 -> 47 | AB28: =(AA28+(B28/C28*D28+G28/H28*I28+L28/M28*N28+Q28/R28*S28+V28/W28*X28))/($D$1+$I$1+$N$1+$S$1+$X$1) -> 0.029581159 | AC28: =(E28+J28+O28+T28+Y28)/(AA28) -> 0.55319149
A29: Malphite | B29: 5 | C29: 5 | D29: 5 | E29: 2 | G29: 25 | H29: 25 | I29: 35 | J29: 7 | L29: 6 | M29: 6 | N29: 1 | O29: 2 | R29: 1 | W29: 1 | AA29: =B29+G29+L29+Q29+V29 -> 36 | AB29: =(AA29+(B29/C29*D29+G29/H29*I29+L29/M29*N29+Q29/R29*S29+V29/W29*X29))/($D$1+$I$1+$N$1+$S$1+$X$1) -> 0.026261937 | AC29: =(E29+J29+O29+T29+Y29)/(AA29) -> 0.30555556
A30: Rek'Sai | C30: 1 | H30: 1 | L30: 15 | M30: 21 | N30: 23 | O30: 6 | Q30: 18 | R30: 18 | S30: 4 | T30: 9 | V30: 16 | W30: 16 | X30: 6 | Y30: 8 | AA30: =B30+G30+L30+Q30+V30 -> 49 | AB30: =(AA30+(B30/C30*D30+G30/H30*I30+L30/M30*N30+Q30/R30*S30+V30/W30*X30))/($D$1+$I$1+$N$1+$S$1+$X$1) -> 0.025725979 | AC30: =(E30+J30+O30+T30+Y30)/(AA30) -> 0.46938776
A31: Olaf | B31: 4 | C31: 8 | D31: 8 | E31: 1 | G31: 7 | H31: 8 | I31: 30 | J31: 3 | L31: 10 | M31: 10 | N31: 12 | O31: 6 | Q31: 5 | R31: 7 | S31: 4 | T31: 3 | V31: 2 | W31: 3 | X31: 1 | Y31: 2 | AA31: =B31+G31+L31+Q31+V31 -> 28 | AB31: =(AA31+(B31/C31*D31+G31/H31*I31+L31/M31*N31+Q31/R31*S31+V31/W31*X31))/($D$1+$I$1+$N$1+$S$1+$X$1) -> 0.025161599 | AC31: =(E31+J31+O31+T31+Y31)/(AA31) -> 0.53571429
A32: Yone | B32: 10 | C32: 22 | D32: 16 | E32: 9 | G32: 5 | H32: 50 | I32: 59 | J32: 3 | L32: 12 | M32: 121 | N32: 132 | O32: 8 | R32: 1 | W32: 1 | AA32: =B32+G32+L32+Q32+V32 -> 27 | AB32: =(AA32+(B32/C32*D32+G32/H32*I32+L32/M32*N32+Q32/R32*S32+V32/W32*X32))/($D$1+$I$1+$N$1+$S$1+$X$1) -> 0.018166315 | AC32: =(E32+J32+O32+T32+Y32)/(AA32) -> 0.74074074
A33: Maokai | B33: 15 | C33: 43 | D33: 48 | E33: 4 | G33: 2 | H33: 196 | I33: 282 | J33: 1 | L33: 2 | M33: 154 | N33: 207 | O33: 0 | R33: 1 | W33: 1 | AA33: =B33+G33+L33+Q33+V33 -> 19 | AB33: =(AA33+(B33/C33*D33+G33/H33*I33+L33/M33*N33+Q33/R33*S33+V33/W33*X33))/($D$1+$I$1+$N$1+$S$1+$X$1) -> 0.014089375 | AC33: =(E33+J33+O33+T33+Y33)/(AA33) -> 0.26315789
A34: Irelia | B34: 10 | C34: 14 | D34: 21 | E34: 4 | G34: 5 | H34: 10 | I34: 11 | J34: 0 | L34: 1 | M34: 2 | N34: 3 | O34: 0 | Q34: 2 | R34: 2 | S34: 0 | T34: 1 | W34: 1 | AA34: =B34+G34+L34+Q34+V34 -> 18 | AB34: =(AA34+(B34/C34*D34+G34/H34*I34+L34/M34*N34+Q34/R34*S34+V34/W34*X34))/($D$1+$I$1+$N$1+$S$1+$X$1) -> 0.013642565 | AC34: =(E34+J34+O34+T34+Y34)/(AA34) -> 0.27777778
A35: Galio | C35: 1 | H35: 1 | L35: 5 | M35: 12 | N35: 3 | O35: 3 | Q35: 19 | R35: 113 | S35: 70 | T35: 12 | W35: 1 | AA35: =B35+G35+L35+Q35+V35 -> 24 | AB35: =(AA35+(B35/C35*D35+G35/H35*I35+L35/M35*N35+Q35/R35*S35+V35/W35*X35))/($D$1+$I$1+$N$1+$S$1+$X$1) -> 0.012626164 | AC35: =(E35+J35+O35+T35+Y35)/(AA35) -> 0.625
A36: Vayne | B36: 2 | C36: 6 | D36: 0 | E36: 1 | H36: 1 | L36: 14 | M36: 15 | N36: 21 | O36: 11 | Q36: 1 | R36: 4 | S36: 0 | T36: 0 | W36: 1 | AA36: =B36+G36+L36+Q36+V36 -> 17 | AB36: =(AA36+(B36/C36*D36+G36/H36*I36+L36/M36*N36+Q36/R36*S36+V36/W36*X36))/($D$1+$I$1+$N$1+$S$1+$X$1) -> 0.012482947 | AC36: =(E36+J36+O36+T36+Y36)/(AA36) -> 0.70588235
A37: Mordekaiser | B37: 7 | C37: 7 | D37: 6 | E37: 2 | H37: 1 | L37: 5 | M37: 5 | N37: 4 | O37: 2 | Q37: 10 | R37: 10 | S37: 2 | T37: 3 | W37: 1 | AA37: =B37+G37+L37+Q37+V37 -> 22 | AB37: =(AA37+(B37/C37*D37+G37/H37*I37+L37/M37*N37+Q37/R37*S37+V37/W37*X37))/($D$1+$I$1+$N$1+$S$1+$X$1) -> 0.01159618 | AC37: =(E37+J37+O37+T37+Y37)/(AA37) -> 0.31818182
A38: Urgot | B38: 5 | C38: 5 | D38: 4 | E38: 0 | G38: 2 | H38: 2 | I38: 1 | J38: 1 | L38: 15 | M38: 15 | N38: 5 | O38: 5 | Q38: 2 | R38: 2 | S38: 0 | T38: 0 | W38: 1 | AA38: =B38+G38+L38+Q38+V38 -> 24 | AB38: =(AA38+(B38/C38*D38+G38/H38*I38+L38/M38*N38+Q38/R38*S38+V38/W38*X38))/($D$1+$I$1+$N$1+$S$1+$X$1) -> 0.01159618 | AC38: =(E38+J38+O38+T38+Y38)/(AA38) -> 0.25
A39: Zac | B39: 1 | C39: 4 | D39: 1 | E39: 1 | H39: 1 | L39: 17 | M39: 22 | N39: 19 | O39: 7 | R39: 1 | W39: 1 | AA39: =B39+G39+L39+Q39+V39 -> 18 | AB39: =(AA39+(B39/C39*D39+G39/H39*I39+L39/M39*N39+Q39/R39*S39+V39/W39*X39))/($D$1+$I$1+$N$1+$S$1+$X$1) -> 0.011231862 | AC39: =(E39+J39+O39+T39+Y39)/(AA39) -> 0.44444444
A40: Darius | B40: 2 | C40: 2 | D40: 1 | E40: 0 | G40: 7 | H40: 7 | I40: 14 | J40: 4 | L40: 5 | M40: 5 | N40: 1 | O40: 2 | R40: 1 | W40: 1 | AA40: =B40+G40+L40+Q40+V40 -> 14 | AB40: =(AA40+(B40/C40*D40+G40/H40*I40+L40/M40*N40+Q40/R40*S40+V40/W40*X40))/($D$1+$I$1+$N$1+$S$1+$X$1) -> 0.010231924 | AC40: =(E40+J40+O40+T40+Y40)/(AA40) -> 0.42857143
A41: Ryze | B41: 2 | C41: 93 | D41: 133 | E41: 0 | G41: 4 | H41: 20 | I41: 59 | J41: 3 | L41: 2 | M41: 4 | N41: 0 | O41: 1 | Q41: 1 | R41: 143 | S41: 52 | T41: 1 | V41: 1 | W41: 36 | X41: 13 | Y41: 1 | AA41: =B41+G41+L41+Q41+V41 -> 10 | AB41: =(AA41+(B41/C41*D41+G41/H41*I41+L41/M41*N41+Q41/R41*S41+V41/W41*X41))/($D$1+$I$1+$N$1+$S$1+$X$1) -> 0.0086578999 | AC41: =(E41+J41+O41+T41+Y41)/(AA41) -> 0.6
A42: Kayle | B42: 7 | C42: 7 | D42: 15 | E42: 2 | G42: 2 | H42: 2 | I42: 0 | J42: 0 | M42: 1 | Q42: 1 | R42: 1 | S42: 0 | T42: 1 | W42: 1 | AA42: =B42+G42+L42+Q42+V42 -> 10 | AB42: =(AA42+(B42/C42*D42+G42/H42*I42+L42/M42*N42+Q42/R42*S42+V42/W42*X42))/($D$1+$I$1+$N$1+$S$1+$X$1) -> 0.008526603 | AC42: =(E42+J42+O42+T42+Y42)/(AA42) -> 0.3
A43: Sylas | B43: 4 | C43: 128 | D43: 164 | E43: 2 | G43: 2 | H43: 80 | I43: 88 | J43: 2 | L43: 1 | M43: 26 | N43: 16 | O43: 1 | Q43: 3 | R43: 69 | S43: 49 | T43: 1 | V43: 1 | W43: 8 | X43: 9 | Y43: 0 | AA43: =B43+G43+L43+Q43+V43 -> 11 | AB43: =(AA43+(B43/C43*D43+G43/H43*I43+L43/M43*N43+Q43/R43*S43+V43/W43*X43))/($D$1+$I$1+$N$1+$S$1+$X$1) -> 0.0075701976 | AC43: =(E43+J43+O43+T43+Y43)/(AA43) -> 0.54545455
A44: Nidalee | C44: 1 | H44: 1 | M44: 1 | Q44: 10 | R44: 55 | S44: 63 | T44: 9 | W44: 1 | AA44: =B44+G44+L44+Q44+V44 -> 10 | AB44: =(AA44+(B44/C44*D44+G44/H44*I44+L44/M44*N44+Q44/R44*S44+V44/W44*X44))/($D$1+$I$1+$N$1+$S$1+$X$1) -> 0.0073173757 | AC44: =(E44+J44+O44+T44+Y44)/(AA44) -> 0.9
A45: Yasou | B45: 1 | C45: 11 | D45: 7 | E45: 0 | G45: 3 | H45: 8 | I45: 6 | J45: 2 | L45: 5 | M45: 12 | N45: 17 | O45: 3 | R45: 1 | W45: 1 | AA45: =B45+G45+L45+Q45+V45 -> 9 | AB45: =(AA45+(B45/C45*D45+G45/H45*I45+L45/M45*N45+Q45/R45*S45+V45/W45*X45))/($D$1+$I$1+$N$1+$S$1+$X$1) -> 0.006469883 | AC45: =(E45+J45+O45+T45+Y45)/(AA45) -> 0.55555556
A46: Lee Sin | B46: 10 | C46: 218 | D46: 112 | E46: 6 | G46: 1 | H46: 101 | I46: 58 | J46: 0 | L46: 1 | M46: 98 | N46: 89 | O46: 1 | R46: 1 | W46: 1 | AA46: =B46+G46+L46+Q46+V46 -> 12 | AB46: =(AA46+(B46/C46*D46+G46/H46*I46+L46/M46*N46+Q46/R46*S46+V46/W46*X46))/($D$1+$I$1+$N$1+$S$1+$X$1) -> 0.006350626 | AC46: =(E46+J46+O46+T46+Y46)/(AA46) -> 0.58333333
A47: Vladimir | B47: 9 | C47: 10 | D47: 6 | E47: 2 | H47: 1 | L47: 1 | M47: 1 | N47: 0 | O47: 1 | Q47: 3 | R47: 4 | S47: 0 | T47: 3 | W47: 1 | AA47: =B47+G47+L47+Q47+V47 -> 13 | AB47: =(AA47+(B47/C47*D47+G47/H47*I47+L47/M47*N47+Q47/R47*S47+V47/W47*X47))/($D$1+$I$1+$N$1+$S$1+$X$1) -> 0.0062755798 | AC47: =(E47+J47+O47+T47+Y47)/(AA47) -> 0.46153846
A48: Zaahen | C48: 1 | H48: 1 | M48: 1 | R48: 1 | V48: 14 | W48: 17 | X48: 2 | Y48: 10 | AA48: =B48+G48+L48+Q48+V48 -> 14 | AB48: =(AA48+(B48/C48*D48+G48/H48*I48+L48/M48*N48+Q48/R48*S48+V48/W48*X48))/($D$1+$I$1+$N$1+$S$1+$X$1) -> 0.0053366503 | AC48: =(E48+J48+O48+T48+Y48)/(AA48) -> 0.71428571
A49: Quinn | C49: 1 | G49: 6 | H49: 6 | I49: 4 | J49: 4 | L49: 3 | M49: 3 | N49: 0 | O49: 1 | Q49: 1 | R49: 1 | S49: 0 | T49: 0 | W49: 1 | AA49: =B49+G49+L49+Q49+V49 -> 10 | AB49: =(AA49+(B49/C49*D49+G49/H49*I49+L49/M49*N49+Q49/R49*S49+V49/W49*X49))/($D$1+$I$1+$N$1+$S$1+$X$1) -> 0.0047748977 | AC49: =(E49+J49+O49+T49+Y49)/(AA49) -> 0.5
A50: Cho'Gath | C50: 1 | G50: 3 | H50: 4 | I50: 0 | J50: 1 | M50: 1 | Q50: 10 | R50: 12 | S50: 1 | T50: 4 | W50: 1 | AA50: =B50+G50+L50+Q50+V50 -> 13 | AB50: =(AA50+(B50/C50*D50+G50/H50*I50+L50/M50*N50+Q50/R50*S50+V50/W50*X50))/($D$1+$I$1+$N$1+$S$1+$X$1) -> 0.0047180537 | AC50: =(E50+J50+O50+T50+Y50)/(AA50) -> 0.38461538
A51: Nasus | C51: 1 | H51: 1 | L51: 5 | M51: 10 | N51: 17 | O51: 3 | R51: 1 | W51: 1 | AA51: =B51+G51+L51+Q51+V51 -> 5 | AB51: =(AA51+(B51/C51*D51+G51/H51*I51+L51/M51*N51+Q51/R51*S51+V51/W51*X51))/($D$1+$I$1+$N$1+$S$1+$X$1) -> 0.0046043656 | AC51: =(E51+J51+O51+T51+Y51)/(AA51) -> 0.6
A52: Akshan | B52: 5 | C52: 5 | D52: 8 | E52: 2 | H52: 1 | M52: 1 | R52: 1 | W52: 1 | AA52: =B52+G52+L52+Q52+V52 -> 5 | AB52: =(AA52+(B52/C52*D52+G52/H52*I52+L52/M52*N52+Q52/R52*S52+V52/W52*X52))/($D$1+$I$1+$N$1+$S$1+$X$1) -> 0.0044338336 | AC52: =(E52+J52+O52+T52+Y52)/(AA52) -> 0.4
A53: Garen | B53: 2 | C53: 2 | D53: 0 | E53: 0 | G53: 4 | H53: 4 | I53: 3 | J53: 3 | L53: 3 | M53: 4 | N53: 0 | O53: 1 | Q53: 1 | R53: 1 | S53: 0 | T53: 1 | W53: 1 | AA53: =B53+G53+L53+Q53+V53 -> 10 | AB53: =(AA53+(B53/C53*D53+G53/H53*I53+L53/M53*N53+Q53/R53*S53+V53/W53*X53))/($D$1+$I$1+$N$1+$S$1+$X$1) -> 0.0044338336 | AC53: =(E53+J53+O53+T53+Y53)/(AA53) -> 0.5
A54: Volibear | B54: 1 | C54: 36 | D54: 22 | E54: 0 | G54: 2 | H54: 8 | I54: 8 | J54: 0 | L54: 2 | M54: 7 | N54: 8 | O54: 0 | R54: 1 | W54: 1 | AA54: =B54+G54+L54+Q54+V54 -> 5 | AB54: =(AA54+(B54/C54*D54+G54/H54*I54+L54/M54*N54+Q54/R54*S54+V54/W54*X54))/($D$1+$I$1+$N$1+$S$1+$X$1) -> 0.003375452 | AC54: =(E54+J54+O54+T54+Y54)/(AA54) -> 0
A55: Shen | B55: 1 | C55: 7 | D55: 0 | E55: 1 | H55: 1 | M55: 1 | Q55: 3 | R55: 17 | S55: 24 | T55: 1 | W55: 1 | AA55: =B55+G55+L55+Q55+V55 -> 4 | AB55: =(AA55+(B55/C55*D55+G55/H55*I55+L55/M55*N55+Q55/R55*S55+V55/W55*X55))/($D$1+$I$1+$N$1+$S$1+$X$1) -> 0.0028087633 | AC55: =(E55+J55+O55+T55+Y55)/(AA55) -> 0.5
A56: Corki | C56: 1 | H56: 1 | L56: 5 | M56: 202 | N56: 127 | O56: 1 | R56: 1 | W56: 1 | AA56: =B56+G56+L56+Q56+V56 -> 5 | AB56: =(AA56+(B56/C56*D56+G56/H56*I56+L56/M56*N56+Q56/R56*S56+V56/W56*X56))/($D$1+$I$1+$N$1+$S$1+$X$1) -> 0.0027774776 | AC56: =(E56+J56+O56+T56+Y56)/(AA56) -> 0.2
A57: Anivia | C57: 1 | H57: 1 | M57: 1 | Q57: 6 | R57: 10 | S57: 3 | T57: 3 | W57: 1 | AA57: =B57+G57+L57+Q57+V57 -> 6 | AB57: =(AA57+(B57/C57*D57+G57/H57*I57+L57/M57*N57+Q57/R57*S57+V57/W57*X57))/($D$1+$I$1+$N$1+$S$1+$X$1) -> 0.0026603001 | AC57: =(E57+J57+O57+T57+Y57)/(AA57) -> 0.5
A58: LeBlanc | C58: 1 | G58: 2 | H58: 70 | I58: 200 | J58: 1 | M58: 1 | R58: 1 | W58: 1 | AA58: =B58+G58+L58+Q58+V58 -> 2 | AB58: =(AA58+(B58/C58*D58+G58/H58*I58+L58/M58*N58+Q58/R58*S58+V58/W58*X58))/($D$1+$I$1+$N$1+$S$1+$X$1) -> 0.0026310661 | AC58: =(E58+J58+O58+T58+Y58)/(AA58) -> 0.5
A59: Smolder | C59: 1 | H59: 1 | L59: 3 | M59: 73 | N59: 75 | O59: 2 | Q59: 1 | R59: 19 | S59: 10 | T59: 1 | W59: 1 | AA59: =B59+G59+L59+Q59+V59 -> 4 | AB59: =(AA59+(B59/C59*D59+G59/H59*I59+L59/M59*N59+Q59/R59*S59+V59/W59*X59))/($D$1+$I$1+$N$1+$S$1+$X$1) -> 0.0025949889 | AC59: =(E59+J59+O59+T59+Y59)/(AA59) -> 0.75
A60: Karma | C60: 1 | G60: 1 | H60: 65 | I60: 56 | J60: 1 | L60: 2 | M60: 47 | N60: 37 | O60: 0 | Q60: 1 | R60: 42 | S60: 40 | T60: 0 | W60: 1 | AA60: =B60+G60+L60+Q60+V60 -> 4 | AB60: =(AA60+(B60/C60*D60+G60/H60*I60+L60/M60*N60+Q60/R60*S60+V60/W60*X60))/($D$1+$I$1+$N$1+$S$1+$X$1) -> 0.0025199139 | AC60: =(E60+J60+O60+T60+Y60)/(AA60) -> 0.25
A61: Tristana | C61: 1 | G61: 1 | H61: 85 | I61: 139 | J61: 1 | L61: 2 | M61: 140 | N61: 154 | O61: 1 | R61: 1 | W61: 1 | AA61: =B61+G61+L61+Q61+V61 -> 3 | AB61: =(AA61+(B61/C61*D61+G61/H61*I61+L61/M61*N61+Q61/R61*S61+V61/W61*X61))/($D$1+$I$1+$N$1+$S$1+$X$1) -> 0.0023312736 | AC61: =(E61+J61+O61+T61+Y61)/(AA61) -> 0.66666667
A62: Azir | B62: 2 | C62: 159 | D62: 144 | E62: 1 | G62: 1 | H62: 235 | I62: 137 | J62: 0 | M62: 1 | R62: 1 | W62: 1 | AA62: =B62+G62+L62+Q62+V62 -> 3 | AB62: =(AA62+(B62/C62*D62+G62/H62*I62+L62/M62*N62+Q62/R62*S62+V62/W62*X62))/($D$1+$I$1+$N$1+$S$1+$X$1) -> 0.001839802 | AC62: =(E62+J62+O62+T62+Y62)/(AA62) -> 0.33333333
A63: Sett | B63: 1 | C63: 27 | D63: 9 | E63: 0 | G63: 1 | H63: 6 | I63: 1 | J63: 1 | L63: 1 | M63: 1 | N63: 0 | O63: 0 | Q63: 1 | R63: 6 | S63: 2 | T63: 1 | W63: 1 | AA63: =B63+G63+L63+Q63+V63 -> 4 | AB63: =(AA63+(B63/C63*D63+G63/H63*I63+L63/M63*N63+Q63/R63*S63+V63/W63*X63))/($D$1+$I$1+$N$1+$S$1+$X$1) -> 0.0016484766 | AC63: =(E63+J63+O63+T63+Y63)/(AA63) -> 0.5
A64: Lucian | B64: 1 | C64: 79 | D64: 260 | E64: 0 | H64: 1 | M64: 1 | R64: 1 | W64: 1 | AA64: =B64+G64+L64+Q64+V64 -> 1 | AB64: =(AA64+(B64/C64*D64+G64/H64*I64+L64/M64*N64+Q64/R64*S64+V64/W64*X64))/($D$1+$I$1+$N$1+$S$1+$X$1) -> 0.0014635536 | AC64: =(E64+J64+O64+T64+Y64)/(AA64) -> 0
A65: Lillia | B65: 3 | C65: 7 | D65: 2 | E65: 1 | H65: 1 | M65: 1 | R65: 1 | W65: 1 | AA65: =B65+G65+L65+Q65+V65 -> 3 | AB65: =(AA65+(B65/C65*D65+G65/H65*I65+L65/M65*N65+Q65/R65*S65+V65/W65*X65))/($D$1+$I$1+$N$1+$S$1+$X$1) -> 0.001315533 | AC65: =(E65+J65+O65+T65+Y65)/(AA65) -> 0.33333333
A66: Cassiopeia | C66: 1 | G66: 2 | H66: 16 | I66: 11 | J66: 2 | M66: 1 | R66: 1 | W66: 1 | AA66: =B66+G66+L66+Q66+V66 -> 2 | AB66: =(AA66+(B66/C66*D66+G66/H66*I66+L66/M66*N66+Q66/R66*S66+V66/W66*X66))/($D$1+$I$1+$N$1+$S$1+$X$1) -> 0.0011510914 | AC66: =(E66+J66+O66+T66+Y66)/(AA66) -> 1
A67: Kalista | C67: 1 | H67: 1 | L67: 1 | M67: 148 | N67: 338 | O67: 1 | R67: 1 | W67: 1 | AA67: =B67+G67+L67+Q67+V67 -> 1 | AB67: =(AA67+(B67/C67*D67+G67/H67*I67+L67/M67*N67+Q67/R67*S67+V67/W67*X67))/($D$1+$I$1+$N$1+$S$1+$X$1) -> 0.0011199808 | AC67: =(E67+J67+O67+T67+Y67)/(AA67) -> 1
A68: Varus | C68: 1 | H68: 1 | M68: 1 | Q68: 1 | R68: 145 | S68: 297 | T68: 0 | W68: 1 | AA68: =B68+G68+L68+Q68+V68 -> 1 | AB68: =(AA68+(B68/C68*D68+G68/H68*I68+L68/M68*N68+Q68/R68*S68+V68/W68*X68))/($D$1+$I$1+$N$1+$S$1+$X$1) -> 0.0010396575 | AC68: =(E68+J68+O68+T68+Y68)/(AA68) -> 0
A69: Shyvana | B69: 3 | C69: 3 | D69: 0 | E69: 0 | H69: 1 | M69: 1 | R69: 1 | W69: 1 | AA69: =B69+G69+L69+Q69+V69 -> 3 | AB69: =(AA69+(B69/C69*D69+G69/H69*I69+L69/M69*N69+Q69/R69*S69+V69/W69*X69))/($D$1+$I$1+$N$1+$S$1+$X$1) -> 0.0010231924 | AC69: =(E69+J69+O69+T69+Y69)/(AA69) -> 0
A70: Swain | B70: 1 | C70: 25 | D70: 31 | E70: 1 | H70: 1 | M70: 1 | R70: 1 | W70: 1 | AA70: =B70+G70+L70+Q70+V70 -> 1 | AB70: =(AA70+(B70/C70*D70+G70/H70*I70+L70/M70*N70+Q70/R70*S70+V70/W70*X70))/($D$1+$I$1+$N$1+$S$1+$X$1) -> 0.00076398363 | AC70: =(E70+J70+O70+T70+Y70)/(AA70) -> 1
A71: Jarvan IV | C71: 1 | G71: 1 | H71: 45 | I71: 51 | J71: 0 | M71: 1 | R71: 1 | W71: 1 | AA71: =B71+G71+L71+Q71+V71 -> 1 | AB71: =(AA71+(B71/C71*D71+G71/H71*I71+L71/M71*N71+Q71/R71*S71+V71/W71*X71))/($D$1+$I$1+$N$1+$S$1+$X$1) -> 0.00072760346 | AC71: =(E71+J71+O71+T71+Y71)/(AA71) -> 0
A72: Warwick | C72: 1 | H72: 1 | M72: 1 | Q72: 1 | R72: 1 | S72: 1 | T72: 0 | W72: 1 | AA72: =B72+G72+L72+Q72+V72 -> 1 | AB72: =(AA72+(B72/C72*D72+G72/H72*I72+L72/M72*N72+Q72/R72*S72+V72/W72*X72))/($D$1+$I$1+$N$1+$S$1+$X$1) -> 0.00068212824 | AC72: =(E72+J72+O72+T72+Y72)/(AA72) -> 0
A73: Ahri | C73: 1 | G73: 1 | H73: 117 | I73: 91 | J73: 0 | M73: 1 | R73: 1 | W73: 1 | AA73: =B73+G73+L73+Q73+V73 -> 1 | AB73: =(AA73+(B73/C73*D73+G73/H73*I73+L73/M73*N73+Q73/R73*S73+V73/W73*X73))/($D$1+$I$1+$N$1+$S$1+$X$1) -> 0.00060633621 | AC73: =(E73+J73+O73+T73+Y73)/(AA73) -> 0
A74: Diana | C74: 1 | H74: 1 | M74: 1 | Q74: 1 | R74: 2 | S74: 1 | T74: 0 | W74: 1 | AA74: =B74+G74+L74+Q74+V74 -> 1 | AB74: =(AA74+(B74/C74*D74+G74/H74*I74+L74/M74*N74+Q74/R74*S74+V74/W74*X74))/($D$1+$I$1+$N$1+$S$1+$X$1) -> 0.00051159618 | AC74: =(E74+J74+O74+T74+Y74)/(AA74) -> 0
A75: Kled | C75: 1 | H75: 1 | M75: 1 | Q75: 1 | R75: 2 | S75: 1 | T75: 0 | W75: 1 | AA75: =B75+G75+L75+Q75+V75 -> 1 | AB75: =(AA75+(B75/C75*D75+G75/H75*I75+L75/M75*N75+Q75/R75*S75+V75/W75*X75))/($D$1+$I$1+$N$1+$S$1+$X$1) -> 0.00051159618 | AC75: =(E75+J75+O75+T75+Y75)/(AA75) -> 0
A76: Zeri | C76: 1 | H76: 1 | L76: 1 | M76: 158 | N76: 60 | O76: 0 | R76: 1 | W76: 1 | AA76: =B76+G76+L76+Q76+V76 -> 1 | AB76: =(AA76+(B76/C76*D76+G76/H76*I76+L76/M76*N76+Q76/R76*S76+V76/W76*X76))/($D$1+$I$1+$N$1+$S$1+$X$1) -> 0.00047058214 | AC76: =(E76+J76+O76+T76+Y76)/(AA76) -> 0
A77: Zilean | B77: 1 | C77: 11 | D77: 3 | E77: 0 | H77: 1 | M77: 1 | R77: 1 | W77: 1 | AA77: =B77+G77+L77+Q77+V77 -> 1 | AB77: =(AA77+(B77/C77*D77+G77/H77*I77+L77/M77*N77+Q77/R77*S77+V77/W77*X77))/($D$1+$I$1+$N$1+$S$1+$X$1) -> 0.00043408161 | AC77: =(E77+J77+O77+T77+Y77)/(AA77) -> 0
A78: Illaoi | C78: 1 | G78: 1 | H78: 1 | I78: 0 | J78: 0 | M78: 1 | R78: 1 | W78: 1 | AA78: =B78+G78+L78+Q78+V78 -> 1 | AB78: =(AA78+(B78/C78*D78+G78/H78*I78+L78/M78*N78+Q78/R78*S78+V78/W78*X78))/($D$1+$I$1+$N$1+$S$1+$X$1) -> 0.00034106412 | AC78: =(E78+J78+O78+T78+Y78)/(AA78) -> 0
A79: Riven | B79: 1 | C79: 1 | D79: 0 | E79: 0 | H79: 1 | M79: 1 | R79: 1 | W79: 1 | AA79: =B79+G79+L79+Q79+V79 -> 1 | AB79: =(AA79+(B79/C79*D79+G79/H79*I79+L79/M79*N79+Q79/R79*S79+V79/W79*X79))/($D$1+$I$1+$N$1+$S$1+$X$1) -> 0.00034106412 | AC79: =(E79+J79+O79+T79+Y79)/(AA79) -> 0
A80: Teemo | B80: 1 | C80: 1 | D80: 0 | E80: 0 | H80: 1 | M80: 1 | R80: 1 | W80: 1 | AA80: =B80+G80+L80+Q80+V80 -> 1 | AB80: =(AA80+(B80/C80*D80+G80/H80*I80+L80/M80*N80+Q80/R80*S80+V80/W80*X80))/($D$1+$I$1+$N$1+$S$1+$X$1) -> 0.00034106412 | AC80: =(E80+J80+O80+T80+Y80)/(AA80) -> 0
A81: Trundle | C81: 1 | G81: 1 | H81: 1 | I81: 0 | J81: 0 | M81: 1 | R81: 1 | W81: 1 | AA81: =B81+G81+L81+Q81+V81 -> 1 | AB81: =(AA81+(B81/C81*D81+G81/H81*I81+L81/M81*N81+Q81/R81*S81+V81/W81*X81))/($D$1+$I$1+$N$1+$S$1+$X$1) -> 0.00034106412 | AC81: =(E81+J81+O81+T81+Y81)/(AA81) -> 0

Sheet Jungle
A1: Jungle | B1: 2022 | C1: Games: | D1: 686 | G1: 2023 | H1: Games: | I1: 688 | L1: 2024 | M1: Games: | N1: 679 | Q1: 2025 | R1: Games: | S1: 754 | V1: 2026 | W1: Games: | X1: 125
A2: Champion | B2: Picks | C2: Total | D2: Bans | E2: Wins | G2: Picks | H2: Total | I2: Bans | J2: Wins | L2: Picks | M2: Total | N2: Bans | O2: Wins | Q2: Picks | R2: Total | S2: Bans | T2: Wins | V2: Picks | W2: Total | X2: Bans | Y2: Wins | AA2: Total Picks | AB2: Pickrate | AC2: Winrate
A3: Vi | B3: 63 | C3: 63 | D3: 56 | E3: 30 | G3: 183 | H3: 183 | I3: 293 | J3: 87 | L3: 155 | M3: 155 | N3: 308 | O3: 80 | Q3: 128 | R3: 128 | S3: 354 | T3: 57 | V3: 27 | W3: 27 | X3: 40 | Y3: 14 | AA3: =B3+G3+L3+Q3+V3 -> 556 | AB3: =(AA3+(B3/C3*D3+G3/H3*I3+L3/M3*N3+Q3/R3*S3+V3/W3*X3))/($D$1+$I$1+$N$1+$S$1+$X$1) -> 0.54809004 | AC3: =(E3+J3+O3+T3+Y3)/(AA3) -> 0.48201439
A4: Sejuani | B4: 51 | C4: 123 | D4: 97 | E4: 27 | G4: 253 | H4: 258 | I4: 221 | J4: 118 | L4: 223 | M4: 226 | N4: 209 | O4: 106 | Q4: 103 | R4: 103 | S4: 91 | T4: 43 | V4: 5 | W4: 5 | X4: 1 | Y4: 0 | AA4: =B4+G4+L4+Q4+V4 -> 635 | AB4: =(AA4+(B4/C4*D4+G4/H4*I4+L4/M4*N4+Q4/R4*S4+V4/W4*X4))/($D$1+$I$1+$N$1+$S$1+$X$1) -> 0.40592163 | AC4: =(E4+J4+O4+T4+Y4)/(AA4) -> 0.46299213
A5: Wukong | B5: 146 | C5: 147 | D5: 138 | E5: 73 | G5: 173 | H5: 173 | I5: 104 | J5: 82 | L5: 32 | M5: 32 | N5: 26 | O5: 15 | Q5: 175 | R5: 175 | S5: 111 | T5: 97 | V5: 28 | W5: 28 | X5: 10 | Y5: 13 | AA5: =B5+G5+L5+Q5+V5 -> 554 | AB5: =(AA5+(B5/C5*D5+G5/H5*I5+L5/M5*N5+Q5/R5*S5+V5/W5*X5))/($D$1+$I$1+$N$1+$S$1+$X$1) -> 0.32130328 | AC5: =(E5+J5+O5+T5+Y5)/(AA5) -> 0.50541516
A6: Maokai | B6: 26 | C6: 43 | D6: 48 | E6: 16 | G6: 181 | H6: 196 | I6: 282 | J6: 98 | L6: 141 | M6: 164 | N6: 207 | O6: 80 | Q6: 51 | R6: 60 | S6: 61 | T6: 25 | V6: 2 | W6: 2 | X6: 0 | Y6: 2 | AA6: =B6+G6+L6+Q6+V6 -> 401 | AB6: =(AA6+(B6/C6*D6+G6/H6*I6+L6/M6*N6+Q6/R6*S6+V6/W6*X6))/($D$1+$I$1+$N$1+$S$1+$X$1) -> 0.31386805 | AC6: =(E6+J6+O6+T6+Y6)/(AA6) -> 0.55112219
A7: Lee Sin | B7: 207 | C7: 218 | D7: 112 | E7: 104 | G7: 100 | H7: 101 | I7: 58 | J7: 50 | L7: 96 | M7: 98 | N7: 89 | O7: 44 | Q7: 34 | R7: 35 | S7: 40 | T7: 16 | V7: 8 | W7: 8 | X7: 11 | Y7: 6 | AA7: =B7+G7+L7+Q7+V7 -> 445 | AB7: =(AA7+(B7/C7*D7+G7/H7*I7+L7/M7*N7+Q7/R7*S7+V7/W7*X7))/($D$1+$I$1+$N$1+$S$1+$X$1) -> 0.2543708 | AC7: =(E7+J7+O7+T7+Y7)/(AA7) -> 0.49438202
A8: Poppy | B8: 103 | C8: 104 | D8: 163 | E8: 56 | G8: 55 | H8: 84 | I8: 196 | J8: 28 | L8: 57 | M8: 118 | N8: 148 | O8: 32 | Q8: 46 | R8: 133 | S8: 301 | T8: 26 | V8: 1 | W8: 7 | X8: 28 | Y8: 0 | AA8: =B8+G8+L8+Q8+V8 -> 262 | AB8: =(AA8+(B8/C8*D8+G8/H8*I8+L8/M8*N8+Q8/R8*S8+V8/W8*X8))/($D$1+$I$1+$N$1+$S$1+$X$1) -> 0.24944161 | AC8: =(E8+J8+O8+T8+Y8)/(AA8) -> 0.54198473
A9: Xin Zhao | B9: 134 | C9: 134 | D9: 73 | E9: 64 | G9: 7 | H9: 7 | I9: 1 | J9: 3 | L9: 94 | M9: 94 | N9: 50 | O9: 44 | Q9: 228 | R9: 228 | S9: 87 | T9: 124 | V9: 34 | W9: 34 | X9: 9 | Y9: 15 | AA9: =B9+G9+L9+Q9+V9 -> 497 | AB9: =(AA9+(B9/C9*D9+G9/H9*I9+L9/M9*N9+Q9/R9*S9+V9/W9*X9))/($D$1+$I$1+$N$1+$S$1+$X$1) -> 0.24454297 | AC9: =(E9+J9+O9+T9+Y9)/(AA9) -> 0.50301811
A10: Viego | B10: 205 | C10: 205 | D10: 88 | E10: 103 | G10: 116 | H10: 116 | I10: 97 | J10: 58 | L10: 88 | M10: 88 | N10: 49 | O10: 42 | Q10: 40 | R10: 42 | S10: 13 | T10: 17 | W10: 1 | AA10: =B10+G10+L10+Q10+V10 -> 449 | AB10: =(AA10+(B10/C10*D10+G10/H10*I10+L10/M10*N10+Q10/R10*S10+V10/W10*X10))/($D$1+$I$1+$N$1+$S$1+$X$1) -> 0.23716949 | AC10: =(E10+J10+O10+T10+Y10)/(AA10) -> 0.48997773
A11: Nocturne | B11: 23 | C11: 23 | D11: 20 | E11: 14 | G11: 34 | H11: 34 | I11: 48 | J11: 17 | L11: 45 | M11: 45 | N11: 56 | O11: 20 | Q11: 63 | R11: 63 | S11: 108 | T11: 33 | V11: 16 | W11: 16 | X11: 36 | Y11: 8 | AA11: =B11+G11+L11+Q11+V11 -> 181 | AB11: =(AA11+(B11/C11*D11+G11/H11*I11+L11/M11*N11+Q11/R11*S11+V11/W11*X11))/($D$1+$I$1+$N$1+$S$1+$X$1) -> 0.15313779 | AC11: =(E11+J11+O11+T11+Y11)/(AA11) -> 0.50828729
A12: Jarvan IV | B12: 57 | C12: 60 | D12: 60 | E12: 23 | G12: 42 | H12: 45 | I12: 51 | J12: 21 | L12: 24 | M12: 24 | N12: 24 | O12: 11 | Q12: 85 | R12: 85 | S12: 28 | T12: 49 | V12: 33 | W12: 33 | X12: 21 | Y12: 17 | AA12: =B12+G12+L12+Q12+V12 -> 241 | AB12: =(AA12+(B12/C12*D12+G12/H12*I12+L12/M12*N12+Q12/R12*S12+V12/W12*X12))/($D$1+$I$1+$N$1+$S$1+$X$1) -> 0.14276944 | AC12: =(E12+J12+O12+T12+Y12)/(AA12) -> 0.50207469
A13: Skarner | B13: 14 | C13: 14 | D13: 14 | E13: 8 | G13: 7 | H13: 7 | I13: 7 | J13: 4 | L13: 50 | M13: 97 | N13: 82 | O13: 34 | Q13: 96 | R13: 96 | S13: 155 | T13: 42 | W13: 1 | AA13: =B13+G13+L13+Q13+V13 -> 167 | AB13: =(AA13+(B13/C13*D13+G13/H13*I13+L13/M13*N13+Q13/R13*S13+V13/W13*X13))/($D$1+$I$1+$N$1+$S$1+$X$1) -> 0.13140111 | AC13: =(E13+J13+O13+T13+Y13)/(AA13) -> 0.52694611
A14: Trundle | B14: 86 | C14: 87 | D14: 79 | E14: 40 | H14: 1 | L14: 3 | M14: 3 | N14: 2 | O14: 1 | Q14: 100 | R14: 100 | S14: 88 | T14: 45 | V14: 7 | W14: 7 | X14: 6 | Y14: 6 | AA14: =B14+G14+L14+Q14+V14 -> 196 | AB14: =(AA14+(B14/C14*D14+G14/H14*I14+L14/M14*N14+Q14/R14*S14+V14/W14*X14))/($D$1+$I$1+$N$1+$S$1+$X$1) -> 0.12622509 | AC14: =(E14+J14+O14+T14+Y14)/(AA14) -> 0.46938776
A15: Pantheon | B15: 2 | C15: 3 | D15: 6 | E15: 0 | H15: 1 | M15: 1 | Q15: 108 | R15: 122 | S15: 226 | T15: 56 | V15: 27 | W15: 30 | X15: 30 | Y15: 16 | AA15: =B15+G15+L15+Q15+V15 -> 137 | AB15: =(AA15+(B15/C15*D15+G15/H15*I15+L15/M15*N15+Q15/R15*S15+V15/W15*X15))/($D$1+$I$1+$N$1+$S$1+$X$1) -> 0.12553396 | AC15: =(E15+J15+O15+T15+Y15)/(AA15) -> 0.52554745
A16: Nidalee | B16: 11 | C16: 11 | D16: 5 | E16: 4 | G16: 15 | H16: 15 | I16: 27 | J16: 7 | L16: 61 | M16: 61 | N16: 93 | O16: 37 | Q16: 45 | R16: 55 | S16: 63 | T16: 31 | V16: 1 | W16: 1 | X16: 0 | Y16: 1 | AA16: =B16+G16+L16+Q16+V16 -> 133 | AB16: =(AA16+(B16/C16*D16+G16/H16*I16+L16/M16*N16+Q16/R16*S16+V16/W16*X16))/($D$1+$I$1+$N$1+$S$1+$X$1) -> 0.10557485 | AC16: =(E16+J16+O16+T16+Y16)/(AA16) -> 0.60150376
A17: Elise | C17: 1 | G17: 35 | H17: 35 | I17: 153 | J17: 21 | L17: 1 | M17: 1 | N17: 0 | O17: 0 | R17: 1 | W17: 1 | AA17: =B17+G17+L17+Q17+V17 -> 36 | AB17: =(AA17+(B17/C17*D17+G17/H17*I17+L17/M17*N17+Q17/R17*S17+V17/W17*X17))/($D$1+$I$1+$N$1+$S$1+$X$1) -> 0.064461119 | AC17: =(E17+J17+O17+T17+Y17)/(AA17) -> 0.58333333
A18: Ivern | C18: 1 | G18: 18 | H18: 18 | I18: 33 | J18: 8 | L18: 34 | M18: 34 | N18: 67 | O18: 17 | Q18: 11 | R18: 11 | S18: 6 | T18: 6 | W18: 1 | AA18: =B18+G18+L18+Q18+V18 -> 63 | AB18: =(AA18+(B18/C18*D18+G18/H18*I18+L18/M18*N18+Q18/R18*S18+V18/W18*X18))/($D$1+$I$1+$N$1+$S$1+$X$1) -> 0.057639836 | AC18: =(E18+J18+O18+T18+Y18)/(AA18) -> 0.49206349
A19: Lillia | B19: 4 | C19: 7 | D19: 2 | E19: 1 | G19: 6 | H19: 6 | I19: 2 | J19: 4 | L19: 38 | M19: 38 | N19: 29 | O19: 17 | Q19: 33 | R19: 33 | S19: 37 | T19: 17 | V19: 1 | W19: 1 | X19: 0 | Y19: 1 | AA19: =B19+G19+L19+Q19+V19 -> 82 | AB19: =(AA19+(B19/C19*D19+G19/H19*I19+L19/M19*N19+Q19/R19*S19+V19/W19*X19))/($D$1+$I$1+$N$1+$S$1+$X$1) -> 0.051549406 | AC19: =(E19+J19+O19+T19+Y19)/(AA19) -> 0.48780488
A20: Hecarim | B20: 59 | C20: 59 | D20: 79 | E20: 32 | H20: 1 | M20: 1 | Q20: 1 | R20: 1 | S20: 0 | T20: 1 | V20: 1 | W20: 1 | X20: 0 | Y20: 0 | AA20: =B20+G20+L20+Q20+V20 -> 61 | AB20: =(AA20+(B20/C20*D20+G20/H20*I20+L20/M20*N20+Q20/R20*S20+V20/W20*X20))/($D$1+$I$1+$N$1+$S$1+$X$1) -> 0.047748977 | AC20: =(E20+J20+O20+T20+Y20)/(AA20) -> 0.54098361
A21: Rell | C21: 1 | G21: 39 | H21: 150 | I21: 83 | J21: 24 | L21: 53 | M21: 222 | N21: 110 | O21: 29 | R21: 1 | W21: 1 | AA21: =B21+G21+L21+Q21+V21 -> 92 | AB21: =(AA21+(B21/C21*D21+G21/H21*I21+L21/M21*N21+Q21/R21*S21+V21/W21*X21))/($D$1+$I$1+$N$1+$S$1+$X$1) -> 0.047694837 | AC21: =(E21+J21+O21+T21+Y21)/(AA21) -> 0.57608696
A22: Zyra | C22: 1 | H22: 1 | L22: 42 | M22: 43 | N22: 32 | O22: 16 | Q22: 18 | R22: 18 | S22: 46 | T22: 5 | W22: 1 | AA22: =B22+G22+L22+Q22+V22 -> 60 | AB22: =(AA22+(B22/C22*D22+G22/H22*I22+L22/M22*N22+Q22/R22*S22+V22/W22*X22))/($D$1+$I$1+$N$1+$S$1+$X$1) -> 0.046813033 | AC22: =(E22+J22+O22+T22+Y22)/(AA22) -> 0.35
A23: Graves | B23: 63 | C23: 111 | D23: 114 | E23: 32 | G23: 2 | H23: 3 | I23: 0 | J23: 1 | L23: 5 | M23: 5 | N23: 0 | O23: 0 | R23: 1 | W23: 1 | AA23: =B23+G23+L23+Q23+V23 -> 70 | AB23: =(AA23+(B23/C23*D23+G23/H23*I23+L23/M23*N23+Q23/R23*S23+V23/W23*X23))/($D$1+$I$1+$N$1+$S$1+$X$1) -> 0.045942259 | AC23: =(E23+J23+O23+T23+Y23)/(AA23) -> 0.47142857
A24: Naafiri | C24: 1 | H24: 1 | M24: 1 | Q24: 72 | R24: 72 | S24: 53 | T24: 30 | V24: 3 | W24: 3 | X24: 1 | Y24: 1 | AA24: =B24+G24+L24+Q24+V24 -> 75 | AB24: =(AA24+(B24/C24*D24+G24/H24*I24+L24/M24*N24+Q24/R24*S24+V24/W24*X24))/($D$1+$I$1+$N$1+$S$1+$X$1) -> 0.043997271 | AC24: =(E24+J24+O24+T24+Y24)/(AA24) -> 0.41333333
A25: Diana | B25: 24 | C25: 24 | D25: 51 | E25: 14 | G25: 1 | H25: 1 | I25: 0 | J25: 0 | L25: 2 | M25: 3 | N25: 2 | O25: 1 | Q25: 1 | R25: 2 | S25: 1 | T25: 0 | W25: 1 | AA25: =B25+G25+L25+Q25+V25 -> 28 | AB25: =(AA25+(B25/C25*D25+G25/H25*I25+L25/M25*N25+Q25/R25*S25+V25/W25*X25))/($D$1+$I$1+$N$1+$S$1+$X$1) -> 0.02756935 | AC25: =(E25+J25+O25+T25+Y25)/(AA25) -> 0.53571429
A26: Volibear | B26: 35 | C26: 36 | D26: 22 | E26: 15 | G26: 6 | H26: 8 | I26: 8 | J26: 4 | L26: 5 | M26: 7 | N26: 8 | O26: 1 | R26: 1 | W26: 1 | AA26: =B26+G26+L26+Q26+V26 -> 46 | AB26: =(AA26+(B26/C26*D26+G26/H26*I26+L26/M26*N26+Q26/R26*S26+V26/W26*X26))/($D$1+$I$1+$N$1+$S$1+$X$1) -> 0.026979255 | AC26: =(E26+J26+O26+T26+Y26)/(AA26) -> 0.43478261
A27: Kindred | B27: 8 | C27: 8 | D27: 8 | E27: 8 | G27: 17 | H27: 17 | I27: 19 | J27: 6 | L27: 6 | M27: 6 | N27: 7 | O27: 4 | Q27: 8 | R27: 8 | S27: 3 | T27: 2 | W27: 1 | AA27: =B27+G27+L27+Q27+V27 -> 39 | AB27: =(AA27+(B27/C27*D27+G27/H27*I27+L27/M27*N27+Q27/R27*S27+V27/W27*X27))/($D$1+$I$1+$N$1+$S$1+$X$1) -> 0.025920873 | AC27: =(E27+J27+O27+T27+Y27)/(AA27) -> 0.51282051
A28: Malphite | C28: 1 | H28: 1 | M28: 1 | R28: 1 | V28: 6 | W28: 6 | X28: 64 | Y28: 1 | AA28: =B28+G28+L28+Q28+V28 -> 6 | AB28: =(AA28+(B28/C28*D28+G28/H28*I28+L28/M28*N28+Q28/R28*S28+V28/W28*X28))/($D$1+$I$1+$N$1+$S$1+$X$1) -> 0.023874488 | AC28: =(E28+J28+O28+T28+Y28)/(AA28) -> 0.16666667
A29: Kha'Zix | C29: 1 | G29: 43 | H29: 43 | I29: 13 | J29: 28 | L29: 5 | M29: 5 | N29: 1 | O29: 3 | Q29: 1 | R29: 1 | S29: 0 | T29: 0 | V29: 1 | W29: 1 | X29: 1 | Y29: 0 | AA29: =B29+G29+L29+Q29+V29 -> 50 | AB29: =(AA29+(B29/C29*D29+G29/H29*I29+L29/M29*N29+Q29/R29*S29+V29/W29*X29))/($D$1+$I$1+$N$1+$S$1+$X$1) -> 0.022169168 | AC29: =(E29+J29+O29+T29+Y29)/(AA29) -> 0.62
A30: Qiyana | B30: 1 | C30: 1 | D30: 0 | E30: 0 | H30: 1 | M30: 1 | Q30: 21 | R30: 21 | S30: 31 | T30: 7 | V30: 3 | W30: 3 | X30: 5 | Y30: 0 | AA30: =B30+G30+L30+Q30+V30 -> 25 | AB30: =(AA30+(B30/C30*D30+G30/H30*I30+L30/M30*N30+Q30/R30*S30+V30/W30*X30))/($D$1+$I$1+$N$1+$S$1+$X$1) -> 0.020804911 | AC30: =(E30+J30+O30+T30+Y30)/(AA30) -> 0.28
A31: Brand | C31: 1 | H31: 1 | L31: 23 | M31: 23 | N31: 21 | O31: 9 | Q31: 2 | R31: 2 | S31: 1 | T31: 0 | W31: 1 | AA31: =B31+G31+L31+Q31+V31 -> 25 | AB31: =(AA31+(B31/C31*D31+G31/H31*I31+L31/M31*N31+Q31/R31*S31+V31/W31*X31))/($D$1+$I$1+$N$1+$S$1+$X$1) -> 0.016030014 | AC31: =(E31+J31+O31+T31+Y31)/(AA31) -> 0.36
A32: Taliyah | B32: 4 | C32: 56 | D32: 97 | E32: 3 | G32: 6 | H32: 84 | I32: 54 | J32: 1 | L32: 12 | M32: 155 | N32: 140 | O32: 5 | R32: 1 | W32: 1 | AA32: =B32+G32+L32+Q32+V32 -> 22 | AB32: =(AA32+(B32/C32*D32+G32/H32*I32+L32/M32*N32+Q32/R32*S32+V32/W32*X32))/($D$1+$I$1+$N$1+$S$1+$X$1) -> 0.014878726 | AC32: =(E32+J32+O32+T32+Y32)/(AA32) -> 0.40909091
A33: Jax | C33: 1 | G33: 1 | H33: 189 | I33: 185 | J33: 0 | L33: 18 | M33: 121 | N33: 105 | O33: 11 | Q33: 2 | R33: 78 | S33: 55 | T33: 2 | V33: 2 | W33: 11 | X33: 8 | Y33: 2 | AA33: =B33+G33+L33+Q33+V33 -> 23 | AB33: =(AA33+(B33/C33*D33+G33/H33*I33+L33/M33*N33+Q33/R33*S33+V33/W33*X33))/($D$1+$I$1+$N$1+$S$1+$X$1) -> 0.014482767 | AC33: =(E33+J33+O33+T33+Y33)/(AA33) -> 0.65217391
A34: Bel'Veth | B34: 13 | C34: 13 | D34: 9 | E34: 4 | G34: 8 | H34: 8 | I34: 5 | J34: 3 | L34: 2 | M34: 2 | N34: 2 | O34: 0 | R34: 1 | W34: 1 | AA34: =B34+G34+L34+Q34+V34 -> 23 | AB34: =(AA34+(B34/C34*D34+G34/H34*I34+L34/M34*N34+Q34/R34*S34+V34/W34*X34))/($D$1+$I$1+$N$1+$S$1+$X$1) -> 0.013301501 | AC34: =(E34+J34+O34+T34+Y34)/(AA34) -> 0.30434783
A35: Jayce | C35: 1 | H35: 1 | M35: 1 | R35: 1 | V35: 5 | W35: 11 | X35: 74 | Y35: 1 | AA35: =B35+G35+L35+Q35+V35 -> 5 | AB35: =(AA35+(B35/C35*D35+G35/H35*I35+L35/M35*N35+Q35/R35*S35+V35/W35*X35))/($D$1+$I$1+$N$1+$S$1+$X$1) -> 0.013177477 | AC35: =(E35+J35+O35+T35+Y35)/(AA35) -> 0.2
A36: Zed | C36: 1 | H36: 1 | M36: 1 | Q36: 14 | R36: 15 | S36: 13 | T36: 8 | W36: 1 | AA36: =B36+G36+L36+Q36+V36 -> 14 | AB36: =(AA36+(B36/C36*D36+G36/H36*I36+L36/M36*N36+Q36/R36*S36+V36/W36*X36))/($D$1+$I$1+$N$1+$S$1+$X$1) -> 0.0089131423 | AC36: =(E36+J36+O36+T36+Y36)/(AA36) -> 0.57142857
A37: Dr. Mundo | C37: 1 | H37: 1 | M37: 1 | Q37: 6 | R37: 6 | S37: 2 | T37: 5 | V37: 10 | W37: 10 | X37: 7 | Y37: 6 | AA37: =B37+G37+L37+Q37+V37 -> 16 | AB37: =(AA37+(B37/C37*D37+G37/H37*I37+L37/M37*N37+Q37/R37*S37+V37/W37*X37))/($D$1+$I$1+$N$1+$S$1+$X$1) -> 0.008526603 | AC37: =(E37+J37+O37+T37+Y37)/(AA37) -> 0.6875
A38: Rek'Sai | B38: 8 | C38: 8 | D38: 3 | E38: 3 | G38: 1 | H38: 1 | I38: 0 | J38: 0 | L38: 6 | M38: 21 | N38: 23 | O38: 3 | R38: 1 | W38: 1 | AA38: =B38+G38+L38+Q38+V38 -> 15 | AB38: =(AA38+(B38/C38*D38+G38/H38*I38+L38/M38*N38+Q38/R38*S38+V38/W38*X38))/($D$1+$I$1+$N$1+$S$1+$X$1) -> 0.0083804327 | AC38: =(E38+J38+O38+T38+Y38)/(AA38) -> 0.4
A39: Ambessa | C39: 1 | H39: 1 | M39: 1 | R39: 1 | V39: 11 | W39: 31 | X39: 33 | Y39: 7 | AA39: =B39+G39+L39+Q39+V39 -> 11 | AB39: =(AA39+(B39/C39*D39+G39/H39*I39+L39/M39*N39+Q39/R39*S39+V39/W39*X39))/($D$1+$I$1+$N$1+$S$1+$X$1) -> 0.0077454561 | AC39: =(E39+J39+O39+T39+Y39)/(AA39) -> 0.63636364
A40: Neeko | C40: 1 | G40: 4 | H40: 54 | I40: 244 | J40: 3 | M40: 1 | R40: 1 | W40: 1 | AA40: =B40+G40+L40+Q40+V40 -> 4 | AB40: =(AA40+(B40/C40*D40+G40/H40*I40+L40/M40*N40+Q40/R40*S40+V40/W40*X40))/($D$1+$I$1+$N$1+$S$1+$X$1) -> 0.0075286747 | AC40: =(E40+J40+O40+T40+Y40)/(AA40) -> 0.75
A41: Shyvana | C41: 1 | H41: 1 | L41: 10 | M41: 10 | N41: 11 | O41: 3 | R41: 1 | W41: 1 | AA41: =B41+G41+L41+Q41+V41 -> 10 | AB41: =(AA41+(B41/C41*D41+G41/H41*I41+L41/M41*N41+Q41/R41*S41+V41/W41*X41))/($D$1+$I$1+$N$1+$S$1+$X$1) -> 0.0071623465 | AC41: =(E41+J41+O41+T41+Y41)/(AA41) -> 0.3
A42: Karthus | B42: 4 | C42: 5 | D42: 7 | E42: 2 | H42: 1 | L42: 4 | M42: 4 | N42: 4 | O42: 4 | Q42: 3 | R42: 3 | S42: 0 | T42: 2 | W42: 1 | AA42: =B42+G42+L42+Q42+V42 -> 11 | AB42: =(AA42+(B42/C42*D42+G42/H42*I42+L42/M42*N42+Q42/R42*S42+V42/W42*X42))/($D$1+$I$1+$N$1+$S$1+$X$1) -> 0.0070259209 | AC42: =(E42+J42+O42+T42+Y42)/(AA42) -> 0.72727273
A43: Nautilus | C43: 1 | G43: 7 | H43: 139 | I43: 130 | J43: 5 | L43: 1 | M43: 163 | N43: 165 | O43: 0 | R43: 1 | V43: 1 | W43: 21 | X43: 37 | Y43: 1 | AA43: =B43+G43+L43+Q43+V43 -> 9 | AB43: =(AA43+(B43/C43*D43+G43/H43*I43+L43/M43*N43+Q43/R43*S43+V43/W43*X43))/($D$1+$I$1+$N$1+$S$1+$X$1) -> 0.0062486144 | AC43: =(E43+J43+O43+T43+Y43)/(AA43) -> 0.66666667
A44: Olaf | B44: 4 | C44: 8 | D44: 8 | E44: 2 | G44: 1 | H44: 8 | I44: 30 | J44: 0 | M44: 1 | Q44: 2 | R44: 7 | S44: 4 | T44: 1 | V44: 1 | W44: 3 | X44: 1 | Y44: 1 | AA44: =B44+G44+L44+Q44+V44 -> 8 | AB44: =(AA44+(B44/C44*D44+G44/H44*I44+L44/M44*N44+Q44/R44*S44+V44/W44*X44))/($D$1+$I$1+$N$1+$S$1+$X$1) -> 0.0058752355 | AC44: =(E44+J44+O44+T44+Y44)/(AA44) -> 0.5
A45: Sylas | C45: 1 | H45: 1 | M45: 1 | Q45: 6 | R45: 69 | S45: 49 | T45: 3 | V45: 2 | W45: 8 | X45: 9 | Y45: 1 | AA45: =B45+G45+L45+Q45+V45 -> 8 | AB45: =(AA45+(B45/C45*D45+G45/H45*I45+L45/M45*N45+Q45/R45*S45+V45/W45*X45))/($D$1+$I$1+$N$1+$S$1+$X$1) -> 0.004949137 | AC45: =(E45+J45+O45+T45+Y45)/(AA45) -> 0.5
A46: Zac | C46: 1 | G46: 4 | H46: 4 | I46: 0 | J46: 3 | L46: 4 | M46: 22 | N46: 19 | O46: 1 | Q46: 1 | R46: 1 | S46: 1 | T46: 1 | V46: 1 | W46: 1 | X46: 0 | Y46: 1 | AA46: =B46+G46+L46+Q46+V46 -> 10 | AB46: =(AA46+(B46/C46*D46+G46/H46*I46+L46/M46*N46+Q46/R46*S46+V46/W46*X46))/($D$1+$I$1+$N$1+$S$1+$X$1) -> 0.0049299268 | AC46: =(E46+J46+O46+T46+Y46)/(AA46) -> 0.6
A47: Gragas | C47: 1 | G47: 5 | H47: 118 | I47: 77 | J47: 1 | L47: 3 | M47: 15 | N47: 3 | O47: 1 | R47: 1 | W47: 1 | AA47: =B47+G47+L47+Q47+V47 -> 8 | AB47: =(AA47+(B47/C47*D47+G47/H47*I47+L47/M47*N47+Q47/R47*S47+V47/W47*X47))/($D$1+$I$1+$N$1+$S$1+$X$1) -> 0.0040459454 | AC47: =(E47+J47+O47+T47+Y47)/(AA47) -> 0.25
A48: Morgana | B48: 5 | C48: 9 | D48: 2 | E48: 3 | H48: 1 | L48: 4 | M48: 4 | N48: 1 | O48: 3 | R48: 1 | W48: 1 | AA48: =B48+G48+L48+Q48+V48 -> 9 | AB48: =(AA48+(B48/C48*D48+G48/H48*I48+L48/M48*N48+Q48/R48*S48+V48/W48*X48))/($D$1+$I$1+$N$1+$S$1+$X$1) -> 0.0037896013 | AC48: =(E48+J48+O48+T48+Y48)/(AA48) -> 0.66666667
A49: Rumble | C49: 1 | G49: 2 | H49: 48 | I49: 104 | J49: 1 | L49: 1 | M49: 121 | N49: 314 | O49: 0 | R49: 1 | W49: 1 | AA49: =B49+G49+L49+Q49+V49 -> 3 | AB49: =(AA49+(B49/C49*D49+G49/H49*I49+L49/M49*N49+Q49/R49*S49+V49/W49*X49))/($D$1+$I$1+$N$1+$S$1+$X$1) -> 0.0033862124 | AC49: =(E49+J49+O49+T49+Y49)/(AA49) -> 0.33333333
A50: Aatrox | C50: 1 | H50: 1 | M50: 1 | R50: 1 | V50: 9 | W50: 14 | X50: 1 | Y50: 3 | AA50: =B50+G50+L50+Q50+V50 -> 9 | AB50: =(AA50+(B50/C50*D50+G50/H50*I50+L50/M50*N50+Q50/R50*S50+V50/W50*X50))/($D$1+$I$1+$N$1+$S$1+$X$1) -> 0.0032888326 | AC50: =(E50+J50+O50+T50+Y50)/(AA50) -> 0.33333333
A51: Amumu | C51: 1 | H51: 1 | L51: 3 | M51: 3 | N51: 3 | O51: 0 | Q51: 1 | R51: 1 | S51: 0 | T51: 1 | W51: 1 | AA51: =B51+G51+L51+Q51+V51 -> 4 | AB51: =(AA51+(B51/C51*D51+G51/H51*I51+L51/M51*N51+Q51/R51*S51+V51/W51*X51))/($D$1+$I$1+$N$1+$S$1+$X$1) -> 0.0023874488 | AC51: =(E51+J51+O51+T51+Y51)/(AA51) -> 0.25
A52: Fiddlesticks | B52: 1 | C52: 1 | D52: 1 | E52: 0 | H52: 1 | L52: 3 | M52: 3 | N52: 0 | O52: 2 | Q52: 1 | R52: 2 | S52: 0 | T52: 1 | W52: 1 | AA52: =B52+G52+L52+Q52+V52 -> 5 | AB52: =(AA52+(B52/C52*D52+G52/H52*I52+L52/M52*N52+Q52/R52*S52+V52/W52*X52))/($D$1+$I$1+$N$1+$S$1+$X$1) -> 0.0020463847 | AC52: =(E52+J52+O52+T52+Y52)/(AA52) -> 0.6
A53: Talon | B53: 2 | C53: 2 | D53: 2 | E53: 2 | H53: 1 | M53: 1 | Q53: 1 | R53: 1 | S53: 0 | T53: 1 | W53: 1 | AA53: =B53+G53+L53+Q53+V53 -> 3 | AB53: =(AA53+(B53/C53*D53+G53/H53*I53+L53/M53*N53+Q53/R53*S53+V53/W53*X53))/($D$1+$I$1+$N$1+$S$1+$X$1) -> 0.0017053206 | AC53: =(E53+J53+O53+T53+Y53)/(AA53) -> 1
A54: Sion | C54: 1 | G54: 3 | H54: 63 | I54: 30 | J54: 2 | M54: 1 | R54: 1 | W54: 1 | AA54: =B54+G54+L54+Q54+V54 -> 3 | AB54: =(AA54+(B54/C54*D54+G54/H54*I54+L54/M54*N54+Q54/R54*S54+V54/W54*X54))/($D$1+$I$1+$N$1+$S$1+$X$1) -> 0.0015104268 | AC54: =(E54+J54+O54+T54+Y54)/(AA54) -> 0.66666667
A55: Evelynn | B55: 2 | C55: 2 | D55: 2 | E55: 1 | H55: 1 | M55: 1 | R55: 1 | W55: 1 | AA55: =B55+G55+L55+Q55+V55 -> 2 | AB55: =(AA55+(B55/C55*D55+G55/H55*I55+L55/M55*N55+Q55/R55*S55+V55/W55*X55))/($D$1+$I$1+$N$1+$S$1+$X$1) -> 0.0013642565 | AC55: =(E55+J55+O55+T55+Y55)/(AA55) -> 0.5
A56: Kayn | B56: 2 | C56: 2 | D56: 2 | E56: 0 | H56: 1 | M56: 1 | R56: 1 | W56: 1 | AA56: =B56+G56+L56+Q56+V56 -> 2 | AB56: =(AA56+(B56/C56*D56+G56/H56*I56+L56/M56*N56+Q56/R56*S56+V56/W56*X56))/($D$1+$I$1+$N$1+$S$1+$X$1) -> 0.0013642565 | AC56: =(E56+J56+O56+T56+Y56)/(AA56) -> 0
A57: Gwen | B57: 2 | C57: 194 | D57: 173 | E57: 1 | H57: 1 | M57: 1 | R57: 1 | W57: 1 | AA57: =B57+G57+L57+Q57+V57 -> 2 | AB57: =(AA57+(B57/C57*D57+G57/H57*I57+L57/M57*N57+Q57/R57*S57+V57/W57*X57))/($D$1+$I$1+$N$1+$S$1+$X$1) -> 0.0012904179 | AC57: =(E57+J57+O57+T57+Y57)/(AA57) -> 0.5
A58: Zaahen | C58: 1 | H58: 1 | M58: 1 | R58: 1 | V58: 3 | W58: 17 | X58: 2 | Y58: 1 | AA58: =B58+G58+L58+Q58+V58 -> 3 | AB58: =(AA58+(B58/C58*D58+G58/H58*I58+L58/M58*N58+Q58/R58*S58+V58/W58*X58))/($D$1+$I$1+$N$1+$S$1+$X$1) -> 0.0011435679 | AC58: =(E58+J58+O58+T58+Y58)/(AA58) -> 0.33333333
A59: Nunu | C59: 1 | H59: 1 | L59: 2 | M59: 2 | N59: 0 | O59: 1 | Q59: 1 | R59: 1 | S59: 0 | T59: 0 | W59: 1 | AA59: =B59+G59+L59+Q59+V59 -> 3 | AB59: =(AA59+(B59/C59*D59+G59/H59*I59+L59/M59*N59+Q59/R59*S59+V59/W59*X59))/($D$1+$I$1+$N$1+$S$1+$X$1) -> 0.0010231924 | AC59: =(E59+J59+O59+T59+Y59)/(AA59) -> 0.33333333
A60: Rammus | C60: 1 | H60: 1 | L60: 2 | M60: 2 | N60: 0 | O60: 2 | R60: 1 | V60: 1 | W60: 1 | X60: 0 | Y60: 0 | AA60: =B60+G60+L60+Q60+V60 -> 3 | AB60: =(AA60+(B60/C60*D60+G60/H60*I60+L60/M60*N60+Q60/R60*S60+V60/W60*X60))/($D$1+$I$1+$N$1+$S$1+$X$1) -> 0.0010231924 | AC60: =(E60+J60+O60+T60+Y60)/(AA60) -> 0.66666667
A61: Rengar | C61: 1 | G61: 1 | H61: 1 | I61: 0 | J61: 0 | M61: 1 | R61: 1 | W61: 1 | AA61: =B61+G61+L61+Q61+V61 -> 1 | AB61: =(AA61+(B61/C61*D61+G61/H61*I61+L61/M61*N61+Q61/R61*S61+V61/W61*X61))/($D$1+$I$1+$N$1+$S$1+$X$1) -> 0.00034106412 | AC61: =(E61+J61+O61+T61+Y61)/(AA61) -> 0
A62: Udyr | B62: 1 | C62: 1 | D62: 0 | E62: 0 | H62: 1 | M62: 1 | R62: 1 | W62: 1 | AA62: =B62+G62+L62+Q62+V62 -> 1 | AB62: =(AA62+(B62/C62*D62+G62/H62*I62+L62/M62*N62+Q62/R62*S62+V62/W62*X62))/($D$1+$I$1+$N$1+$S$1+$X$1) -> 0.00034106412 | AC62: =(E62+J62+O62+T62+Y62)/(AA62) -> 0
C63: 1 | H63: 1 | M63: 1 | R63: 1 | W63: 1 | AA63: =B63+G63+L63+Q63+V63 -> 0 | AB63: =(AA63+(B63/C63*D63+G63/H63*I63+L63/M63*N63+Q63/R63*S63+V63/W63*X63))/($D$1+$I$1+$N$1+$S$1+$X$1) -> 0 | AC63: =(E63+J63+O63+T63+Y63)/(AA63) -> #DIV/0!
C64: 1 | H64: 1 | M64: 1 | R64: 1 | W64: 1 | AA64: =B64+G64+L64+Q64+V64 -> 0 | AB64: =(AA64+(B64/C64*D64+G64/H64*I64+L64/M64*N64+Q64/R64*S64+V64/W64*X64))/($D$1+$I$1+$N$1+$S$1+$X$1) -> 0 | AC64: =(E64+J64+O64+T64+Y64)/(AA64) -> #DIV/0!
C65: 1 | H65: 1 | M65: 1 | R65: 1 | W65: 1 | AA65: =B65+G65+L65+Q65+V65 -> 0 | AB65: =(AA65+(B65/C65*D65+G65/H65*I65+L65/M65*N65+Q65/R65*S65+V65/W65*X65))/($D$1+$I$1+$N$1+$S$1+$X$1) -> 0 | AC65: =(E65+J65+O65+T65+Y65)/(AA65) -> #DIV/0!
C66: 1 | H66: 1 | M66: 1 | R66: 1 | W66: 1 | AA66: =B66+G66+L66+Q66+V66 -> 0 | AB66: =(AA66+(B66/C66*D66+G66/H66*I66+L66/M66*N66+Q66/R66*S66+V66/W66*X66))/($D$1+$I$1+$N$1+$S$1+$X$1) -> 0 | AC66: =(E66+J66+O66+T66+Y66)/(AA66) -> #DIV/0!
C67: 1 | H67: 1 | M67: 1 | R67: 1 | W67: 1 | AA67: =B67+G67+L67+Q67+V67 -> 0 | AB67: =(AA67+(B67/C67*D67+G67/H67*I67+L67/M67*N67+Q67/R67*S67+V67/W67*X67))/($D$1+$I$1+$N$1+$S$1+$X$1) -> 0 | AC67: =(E67+J67+O67+T67+Y67)/(AA67) -> #DIV/0!
C68: 1 | H68: 1 | M68: 1 | R68: 1 | W68: 1 | AA68: =B68+G68+L68+Q68+V68 -> 0 | AB68: =(AA68+(B68/C68*D68+G68/H68*I68+L68/M68*N68+Q68/R68*S68+V68/W68*X68))/($D$1+$I$1+$N$1+$S$1+$X$1) -> 0 | AC68: =(E68+J68+O68+T68+Y68)/(AA68) -> #DIV/0!
C69: 1 | H69: 1 | M69: 1 | R69: 1 | W69: 1 | AA69: =B69+G69+L69+Q69+V69 -> 0 | AB69: =(AA69+(B69/C69*D69+G69/H69*I69+L69/M69*N69+Q69/R69*S69+V69/W69*X69))/($D$1+$I$1+$N$1+$S$1+$X$1) -> 0 | AC69: =(E69+J69+O69+T69+Y69)/(AA69) -> #DIV/0!
C70: 1 | H70: 1 | M70: 1 | R70: 1 | W70: 1 | AA70: =B70+G70+L70+Q70+V70 -> 0 | AB70: =(AA70+(B70/C70*D70+G70/H70*I70+L70/M70*N70+Q70/R70*S70+V70/W70*X70))/($D$1+$I$1+$N$1+$S$1+$X$1) -> 0 | AC70: =(E70+J70+O70+T70+Y70)/(AA70) -> #DIV/0!
C71: 1 | H71: 1 | M71: 1 | R71: 1 | W71: 1 | AA71: =B71+G71+L71+Q71+V71 -> 0 | AB71: =(AA71+(B71/C71*D71+G71/H71*I71+L71/M71*N71+Q71/R71*S71+V71/W71*X71))/($D$1+$I$1+$N$1+$S$1+$X$1) -> 0 | AC71: =(E71+J71+O71+T71+Y71)/(AA71) -> #DIV/0!
H72: 1 | M72: 1 | R72: 1 | W72: 1 | AA72: =B72+G72+L72+Q72+V72 -> 0 | AB72: =(AA72+(B72/C72*D72+G72/H72*I72+L72/M72*N72+Q72/R72*S72+V72/W72*X72))/($D$1+$I$1+$N$1+$S$1+$X$1) -> #DIV/0! | AC72: =(E72+J72+O72+T72+Y72)/(AA72) -> #DIV/0!

Sheet Mid
A1: Mid | B1: 2022 | C1: Games: | D1: 686 | G1: 2023 | H1: Games: | I1: 688 | L1: 2024 | M1: Games: | N1: 679 | Q1: 2025 | R1: Games: | S1: 754 | V1: 2026 | W1: Games: | X1: 125
A2: Champion | B2: Picks | C2: Total | D2: Bans | E2: Wins | G2: Picks | H2: Total | I2: Bans | J2: Wins | L2: Picks | M2: Total | N2: Bans | O2: Wins | Q2: Picks | R2: Total | S2: Bans | T2: Wins | V2: Picks | W2: Total | X2: Bans | Y2: Wins | AA2: Total Picks | AB2: Pickrate | AC2: Winrate
A3: Azir | B3: 157 | C3: 159 | D3: 144 | E3: 79 | G3: 234 | H3: 235 | I3: 137 | J3: 124 | L3: 187 | M3: 187 | N3: 119 | O3: 92 | Q3: 154 | R3: 154 | S3: 354 | T3: 81 | V3: 31 | W3: 31 | X3: 32 | Y3: 13 | AA3: =B3+G3+L3+Q3+V3 -> 763 | AB3: =(AA3+(B3/C3*D3+G3/H3*I3+L3/M3*N3+Q3/R3*S3+V3/W3*X3))/($D$1+$I$1+$N$1+$S$1+$X$1) -> 0.52749171 | AC3: =(E3+J3+O3+T3+Y3)/(AA3) -> 0.50982962
A4: Taliyah | B4: 52 | C4: 56 | D4: 97 | E4: 22 | G4: 78 | H4: 84 | I4: 54 | J4: 35 | L4: 142 | M4: 155 | N4: 140 | O4: 76 | Q4: 178 | R4: 178 | S4: 225 | T4: 105 | V4: 33 | W4: 33 | X4: 3 | Y4: 13 | AA4: =B4+G4+L4+Q4+V4 -> 483 | AB4: =(AA4+(B4/C4*D4+G4/H4*I4+L4/M4*N4+Q4/R4*S4+V4/W4*X4))/($D$1+$I$1+$N$1+$S$1+$X$1) -> 0.33406288 | AC4: =(E4+J4+O4+T4+Y4)/(AA4) -> 0.51966874
A5: Ahri | B5: 177 | C5: 177 | D5: 163 | E5: 90 | G5: 116 | H5: 117 | I5: 91 | J5: 49 | L5: 76 | M5: 76 | N5: 71 | O5: 41 | Q5: 133 | R5: 133 | S5: 44 | T5: 59 | V5: 16 | W5: 16 | X5: 11 | Y5: 10 | AA5: =B5+G5+L5+Q5+V5 -> 518 | AB5: =(AA5+(B5/C5*D5+G5/H5*I5+L5/M5*N5+Q5/R5*S5+V5/W5*X5))/($D$1+$I$1+$N$1+$S$1+$X$1) -> 0.30601031 | AC5: =(E5+J5+O5+T5+Y5)/(AA5) -> 0.48069498
A6: Orianna | B6: 28 | C6: 28 | D6: 12 | E6: 12 | G6: 47 | H6: 47 | I6: 63 | J6: 27 | L6: 100 | M6: 100 | N6: 180 | O6: 51 | Q6: 102 | R6: 102 | S6: 107 | T6: 55 | V6: 27 | W6: 27 | X6: 48 | Y6: 13 | AA6: =B6+G6+L6+Q6+V6 -> 304 | AB6: =(AA6+(B6/C6*D6+G6/H6*I6+L6/M6*N6+Q6/R6*S6+V6/W6*X6))/($D$1+$I$1+$N$1+$S$1+$X$1) -> 0.24351978 | AC6: =(E6+J6+O6+T6+Y6)/(AA6) -> 0.51973684
A7: LeBlanc | B7: 102 | C7: 102 | D7: 168 | E7: 49 | G7: 68 | H7: 70 | I7: 200 | J7: 29 | L7: 38 | M7: 38 | N7: 93 | O7: 20 | Q7: 11 | R7: 12 | S7: 20 | T7: 8 | V7: 2 | W7: 2 | X7: 9 | Y7: 1 | AA7: =B7+G7+L7+Q7+V7 -> 221 | AB7: =(AA7+(B7/C7*D7+G7/H7*I7+L7/M7*N7+Q7/R7*S7+V7/W7*X7))/($D$1+$I$1+$N$1+$S$1+$X$1) -> 0.23997921 | AC7: =(E7+J7+O7+T7+Y7)/(AA7) -> 0.4841629
A8: Yone | B8: 12 | C8: 22 | D8: 16 | E8: 7 | G8: 45 | H8: 50 | I8: 59 | J8: 29 | L8: 109 | M8: 121 | N8: 132 | O8: 64 | Q8: 88 | R8: 88 | S8: 223 | T8: 46 | V8: 8 | W8: 8 | X8: 9 | Y8: 3 | AA8: =B8+G8+L8+Q8+V8 -> 262 | AB8: =(AA8+(B8/C8*D8+G8/H8*I8+L8/M8*N8+Q8/R8*S8+V8/W8*X8))/($D$1+$I$1+$N$1+$S$1+$X$1) -> 0.23012836 | AC8: =(E8+J8+O8+T8+Y8)/(AA8) -> 0.56870229
A9: Corki | B9: 68 | C9: 68 | D9: 171 | E9: 38 | G9: 8 | H9: 8 | I9: 1 | J9: 5 | L9: 193 | M9: 202 | N9: 127 | O9: 94 | Q9: 46 | R9: 161 | S9: 64 | T9: 16 | W9: 1 | AA9: =B9+G9+L9+Q9+V9 -> 315 | AB9: =(AA9+(B9/C9*D9+G9/H9*I9+L9/M9*N9+Q9/R9*S9+V9/W9*X9))/($D$1+$I$1+$N$1+$S$1+$X$1) -> 0.21372009 | AC9: =(E9+J9+O9+T9+Y9)/(AA9) -> 0.48571429
A10: Sylas | B10: 124 | C10: 128 | D10: 164 | E10: 81 | G10: 78 | H10: 80 | I10: 88 | J10: 45 | L10: 25 | M10: 26 | N10: 16 | O10: 16 | Q10: 60 | R10: 69 | S10: 49 | T10: 30 | V10: 5 | W10: 8 | X10: 9 | Y10: 4 | AA10: =B10+G10+L10+Q10+V10 -> 292 | AB10: =(AA10+(B10/C10*D10+G10/H10*I10+L10/M10*N10+Q10/R10*S10+V10/W10*X10))/($D$1+$I$1+$N$1+$S$1+$X$1) -> 0.20473851 | AC10: =(E10+J10+O10+T10+Y10)/(AA10) -> 0.60273973
A11: Ryze | B11: 91 | C11: 93 | D11: 133 | E11: 44 | G11: 16 | H11: 20 | I11: 59 | J11: 6 | L11: 2 | M11: 4 | N11: 0 | O11: 0 | Q11: 142 | R11: 143 | S11: 52 | T11: 76 | V11: 35 | W11: 36 | X11: 13 | Y11: 23 | AA11: =B11+G11+L11+Q11+V11 -> 286 | AB11: =(AA11+(B11/C11*D11+G11/H11*I11+L11/M11*N11+Q11/R11*S11+V11/W11*X11))/($D$1+$I$1+$N$1+$S$1+$X$1) -> 0.17995056 | AC11: =(E11+J11+O11+T11+Y11)/(AA11) -> 0.52097902
A12: Tristana | B12: 1 | C12: 37 | D12: 25 | E12: 1 | G12: 72 | H12: 85 | I12: 139 | J12: 40 | L12: 135 | M12: 140 | N12: 154 | O12: 64 | Q12: 15 | R12: 24 | S12: 12 | T12: 7 | V12: 2 | W12: 3 | X12: 0 | Y12: 1 | AA12: =B12+G12+L12+Q12+V12 -> 225 | AB12: =(AA12+(B12/C12*D12+G12/H12*I12+L12/M12*N12+Q12/R12*S12+V12/W12*X12))/($D$1+$I$1+$N$1+$S$1+$X$1) -> 0.17033317 | AC12: =(E12+J12+O12+T12+Y12)/(AA12) -> 0.50222222
A13: Annie | C13: 1 | G13: 96 | H13: 107 | I13: 247 | J13: 60 | L13: 8 | M13: 10 | N13: 1 | O13: 3 | Q13: 80 | R13: 80 | S13: 62 | T13: 44 | V13: 1 | W13: 1 | X13: 0 | Y13: 1 | AA13: =B13+G13+L13+Q13+V13 -> 185 | AB13: =(AA13+(B13/C13*D13+G13/H13*I13+L13/M13*N13+Q13/R13*S13+V13/W13*X13))/($D$1+$I$1+$N$1+$S$1+$X$1) -> 0.16009805 | AC13: =(E13+J13+O13+T13+Y13)/(AA13) -> 0.58378378
A14: Akali | B14: 69 | C14: 108 | D14: 141 | E14: 37 | G14: 66 | H14: 68 | I14: 85 | J14: 27 | L14: 36 | M14: 37 | N14: 25 | O14: 15 | Q14: 33 | R14: 35 | S14: 36 | T14: 13 | V14: 10 | W14: 11 | X14: 21 | Y14: 3 | AA14: =B14+G14+L14+Q14+V14 -> 214 | AB14: =(AA14+(B14/C14*D14+G14/H14*I14+L14/M14*N14+Q14/R14*S14+V14/W14*X14))/($D$1+$I$1+$N$1+$S$1+$X$1) -> 0.15823377 | AC14: =(E14+J14+O14+T14+Y14)/(AA14) -> 0.44392523
A15: Twisted Fate | B15: 51 | C15: 51 | D15: 249 | E15: 28 | G15: 12 | H15: 12 | I15: 2 | J15: 8 | L15: 4 | M15: 54 | N15: 107 | O15: 2 | Q15: 22 | R15: 22 | S15: 57 | T15: 7 | V15: 6 | W15: 6 | X15: 6 | Y15: 4 | AA15: =B15+G15+L15+Q15+V15 -> 95 | AB15: =(AA15+(B15/C15*D15+G15/H15*I15+L15/M15*N15+Q15/R15*S15+V15/W15*X15))/($D$1+$I$1+$N$1+$S$1+$X$1) -> 0.14219847 | AC15: =(E15+J15+O15+T15+Y15)/(AA15) -> 0.51578947
A16: Viktor | B16: 106 | C16: 108 | D16: 49 | E16: 42 | G16: 35 | H16: 35 | I16: 15 | J16: 12 | M16: 1 | Q16: 101 | R16: 102 | S16: 65 | T16: 44 | V16: 6 | W16: 6 | X16: 3 | Y16: 2 | AA16: =B16+G16+L16+Q16+V16 -> 248 | AB16: =(AA16+(B16/C16*D16+G16/H16*I16+L16/M16*N16+Q16/R16*S16+V16/W16*X16))/($D$1+$I$1+$N$1+$S$1+$X$1) -> 0.12907754 | AC16: =(E16+J16+O16+T16+Y16)/(AA16) -> 0.40322581
A17: Neeko | C17: 1 | G17: 49 | H17: 54 | I17: 244 | J17: 33 | L17: 16 | M17: 40 | N17: 35 | O17: 10 | Q17: 1 | R17: 121 | S17: 166 | T17: 0 | W17: 1 | AA17: =B17+G17+L17+Q17+V17 -> 66 | AB17: =(AA17+(B17/C17*D17+G17/H17*I17+L17/M17*N17+Q17/R17*S17+V17/W17*X17))/($D$1+$I$1+$N$1+$S$1+$X$1) -> 0.10326716 | AC17: =(E17+J17+O17+T17+Y17)/(AA17) -> 0.65151515
A18: Galio | B18: 61 | C18: 63 | D18: 35 | E18: 27 | G18: 6 | H18: 8 | I18: 4 | J18: 1 | L18: 6 | M18: 12 | N18: 3 | O18: 5 | Q18: 92 | R18: 113 | S18: 70 | T18: 46 | V18: 12 | W18: 12 | X18: 5 | Y18: 8 | AA18: =B18+G18+L18+Q18+V18 -> 177 | AB18: =(AA18+(B18/C18*D18+G18/H18*I18+L18/M18*N18+Q18/R18*S18+V18/W18*X18))/($D$1+$I$1+$N$1+$S$1+$X$1) -> 0.094604379 | AC18: =(E18+J18+O18+T18+Y18)/(AA18) -> 0.49152542
A19: Aurora | C19: 1 | H19: 1 | L19: 14 | M19: 32 | N19: 95 | O19: 8 | Q19: 97 | R19: 147 | S19: 133 | T19: 43 | V19: 15 | W19: 24 | X19: 16 | Y19: 7 | AA19: =B19+G19+L19+Q19+V19 -> 126 | AB19: =(AA19+(B19/C19*D19+G19/H19*I19+L19/M19*N19+Q19/R19*S19+V19/W19*X19))/($D$1+$I$1+$N$1+$S$1+$X$1) -> 0.090492635 | AC19: =(E19+J19+O19+T19+Y19)/(AA19) -> 0.46031746
A20: Jayce | B20: 2 | C20: 66 | D20: 91 | E20: 1 | G20: 86 | H20: 143 | I20: 154 | J20: 39 | L20: 11 | M20: 29 | N20: 38 | O20: 7 | Q20: 11 | R20: 126 | S20: 118 | T20: 8 | V20: 1 | W20: 11 | X20: 74 | Y20: 1 | AA20: =B20+G20+L20+Q20+V20 -> 111 | AB20: =(AA20+(B20/C20*D20+G20/H20*I20+L20/M20*N20+Q20/R20*S20+V20/W20*X20))/($D$1+$I$1+$N$1+$S$1+$X$1) -> 0.081110373 | AC20: =(E20+J20+O20+T20+Y20)/(AA20) -> 0.5045045
A21: Syndra | B21: 30 | C21: 32 | D21: 27 | E21: 13 | G21: 50 | H21: 50 | I21: 35 | J21: 17 | L21: 21 | M21: 21 | N21: 12 | O21: 11 | Q21: 10 | R21: 10 | S21: 4 | T21: 6 | V21: 11 | W21: 11 | X21: 2 | Y21: 5 | AA21: =B21+G21+L21+Q21+V21 -> 122 | AB21: =(AA21+(B21/C21*D21+G21/H21*I21+L21/M21*N21+Q21/R21*S21+V21/W21*X21))/($D$1+$I$1+$N$1+$S$1+$X$1) -> 0.068319407 | AC21: =(E21+J21+O21+T21+Y21)/(AA21) -> 0.42622951
A22: Lissandra | B22: 55 | C22: 55 | D22: 56 | E22: 29 | G22: 34 | H22: 36 | I22: 28 | J22: 15 | L22: 1 | M22: 1 | N22: 0 | O22: 0 | Q22: 1 | R22: 1 | S22: 2 | T22: 1 | W22: 1 | AA22: =B22+G22+L22+Q22+V22 -> 91 | AB22: =(AA22+(B22/C22*D22+G22/H22*I22+L22/M22*N22+Q22/R22*S22+V22/W22*X22))/($D$1+$I$1+$N$1+$S$1+$X$1) -> 0.059837805 | AC22: =(E22+J22+O22+T22+Y22)/(AA22) -> 0.49450549
A23: Kassadin | B23: 2 | C23: 2 | D23: 1 | E23: 0 | G23: 22 | H23: 22 | I23: 97 | J23: 14 | L23: 3 | M23: 3 | N23: 2 | O23: 3 | Q23: 3 | R23: 3 | S23: 0 | T23: 1 | W23: 1 | AA23: =B23+G23+L23+Q23+V23 -> 30 | AB23: =(AA23+(B23/C23*D23+G23/H23*I23+L23/M23*N23+Q23/R23*S23+V23/W23*X23))/($D$1+$I$1+$N$1+$S$1+$X$1) -> 0.044338336 | AC23: =(E23+J23+O23+T23+Y23)/(AA23) -> 0.6
A24: Hwei | C24: 1 | H24: 1 | L24: 47 | M24: 54 | N24: 42 | O24: 19 | Q24: 23 | R24: 23 | S24: 11 | T24: 6 | W24: 1 | AA24: =B24+G24+L24+Q24+V24 -> 70 | AB24: =(AA24+(B24/C24*D24+G24/H24*I24+L24/M24*N24+Q24/R24*S24+V24/W24*X24))/($D$1+$I$1+$N$1+$S$1+$X$1) -> 0.040093982 | AC24: =(E24+J24+O24+T24+Y24)/(AA24) -> 0.35714286
A25: Cassiopeia | B25: 1 | C25: 1 | D25: 0 | E25: 0 | G25: 14 | H25: 16 | I25: 11 | J25: 4 | L25: 3 | M25: 3 | N25: 3 | O25: 1 | Q25: 29 | R25: 29 | S25: 29 | T25: 13 | V25: 8 | W25: 8 | X25: 10 | Y25: 4 | AA25: =B25+G25+L25+Q25+V25 -> 55 | AB25: =(AA25+(B25/C25*D25+G25/H25*I25+L25/M25*N25+Q25/R25*S25+V25/W25*X25))/($D$1+$I$1+$N$1+$S$1+$X$1) -> 0.036365962 | AC25: =(E25+J25+O25+T25+Y25)/(AA25) -> 0.4
A26: Vex | B26: 51 | C26: 51 | D26: 39 | E26: 23 | G26: 2 | H26: 2 | I26: 0 | J26: 2 | L26: 3 | M26: 3 | N26: 0 | O26: 1 | Q26: 2 | R26: 2 | S26: 1 | T26: 1 | W26: 1 | AA26: =B26+G26+L26+Q26+V26 -> 58 | AB26: =(AA26+(B26/C26*D26+G26/H26*I26+L26/M26*N26+Q26/R26*S26+V26/W26*X26))/($D$1+$I$1+$N$1+$S$1+$X$1) -> 0.033424284 | AC26: =(E26+J26+O26+T26+Y26)/(AA26) -> 0.46551724
A27: Zoe | B27: 32 | C27: 32 | D27: 23 | E27: 15 | G27: 1 | H27: 1 | I27: 1 | J27: 0 | M27: 1 | Q27: 7 | R27: 7 | S27: 4 | T27: 5 | V27: 9 | W27: 9 | X27: 8 | Y27: 6 | AA27: =B27+G27+L27+Q27+V27 -> 49 | AB27: =(AA27+(B27/C27*D27+G27/H27*I27+L27/M27*N27+Q27/R27*S27+V27/W27*X27))/($D$1+$I$1+$N$1+$S$1+$X$1) -> 0.02899045 | AC27: =(E27+J27+O27+T27+Y27)/(AA27) -> 0.53061224
A28: Veigar | B28: 13 | C28: 13 | D28: 8 | E28: 6 | G28: 31 | H28: 31 | I28: 19 | J28: 15 | L28: 5 | M28: 6 | N28: 2 | O28: 2 | Q28: 2 | R28: 2 | S28: 0 | T28: 2 | W28: 1 | AA28: =B28+G28+L28+Q28+V28 -> 51 | AB28: =(AA28+(B28/C28*D28+G28/H28*I28+L28/M28*N28+Q28/R28*S28+V28/W28*X28))/($D$1+$I$1+$N$1+$S$1+$X$1) -> 0.027171442 | AC28: =(E28+J28+O28+T28+Y28)/(AA28) -> 0.49019608
A29: Aurelion Sol | C29: 1 | G29: 8 | H29: 8 | I29: 9 | J29: 2 | L29: 32 | M29: 32 | N29: 24 | O29: 14 | Q29: 3 | R29: 3 | S29: 0 | T29: 0 | W29: 1 | AA29: =B29+G29+L29+Q29+V29 -> 43 | AB29: =(AA29+(B29/C29*D29+G29/H29*I29+L29/M29*N29+Q29/R29*S29+V29/W29*X29))/($D$1+$I$1+$N$1+$S$1+$X$1) -> 0.025920873 | AC29: =(E29+J29+O29+T29+Y29)/(AA29) -> 0.37209302
A30: Lucian | B30: 2 | C30: 79 | D30: 260 | E30: 1 | H30: 1 | L30: 27 | M30: 126 | N30: 177 | O30: 12 | R30: 1 | W30: 1 | AA30: =B30+G30+L30+Q30+V30 -> 29 | AB30: =(AA30+(B30/C30*D30+G30/H30*I30+L30/M30*N30+Q30/R30*S30+V30/W30*X30))/($D$1+$I$1+$N$1+$S$1+$X$1) -> 0.025071913 | AC30: =(E30+J30+O30+T30+Y30)/(AA30) -> 0.44827586
A31: Smolder | C31: 1 | H31: 1 | L31: 29 | M31: 73 | N31: 75 | O31: 14 | Q31: 8 | R31: 19 | S31: 10 | T31: 5 | V31: 1 | W31: 1 | X31: 0 | Y31: 0 | AA31: =B31+G31+L31+Q31+V31 -> 38 | AB31: =(AA31+(B31/C31*D31+G31/H31*I31+L31/M31*N31+Q31/R31*S31+V31/W31*X31))/($D$1+$I$1+$N$1+$S$1+$X$1) -> 0.024558338 | AC31: =(E31+J31+O31+T31+Y31)/(AA31) -> 0.5
A32: Karma | B32: 1 | C32: 75 | D32: 137 | E32: 1 | G32: 3 | H32: 65 | I32: 56 | J32: 0 | L32: 34 | M32: 47 | N32: 37 | O32: 13 | R32: 1 | W32: 1 | AA32: =B32+G32+L32+Q32+V32 -> 38 | AB32: =(AA32+(B32/C32*D32+G32/H32*I32+L32/M32*N32+Q32/R32*S32+V32/W32*X32))/($D$1+$I$1+$N$1+$S$1+$X$1) -> 0.023593874 | AC32: =(E32+J32+O32+T32+Y32)/(AA32) -> 0.36842105
A33: Swain | B33: 24 | C33: 25 | D33: 31 | E33: 14 | G33: 3 | H33: 3 | I33: 1 | J33: 1 | L33: 1 | M33: 1 | N33: 0 | O33: 0 | Q33: 4 | R33: 4 | S33: 0 | T33: 1 | W33: 1 | AA33: =B33+G33+L33+Q33+V33 -> 32 | AB33: =(AA33+(B33/C33*D33+G33/H33*I33+L33/M33*N33+Q33/R33*S33+V33/W33*X33))/($D$1+$I$1+$N$1+$S$1+$X$1) -> 0.021405184 | AC33: =(E33+J33+O33+T33+Y33)/(AA33) -> 0.5
A34: Gragas | B34: 1 | C34: 108 | D34: 38 | E34: 0 | G34: 32 | H34: 118 | I34: 77 | J34: 14 | M34: 1 | R34: 1 | W34: 1 | AA34: =B34+G34+L34+Q34+V34 -> 33 | AB34: =(AA34+(B34/C34*D34+G34/H34*I34+L34/M34*N34+Q34/R34*S34+V34/W34*X34))/($D$1+$I$1+$N$1+$S$1+$X$1) -> 0.018497001 | AC34: =(E34+J34+O34+T34+Y34)/(AA34) -> 0.42424242
A35: K'Sante | C35: 1 | G35: 24 | H35: 269 | I35: 192 | J35: 15 | L35: 1 | M35: 279 | N35: 154 | O35: 0 | R35: 1 | W35: 1 | AA35: =B35+G35+L35+Q35+V35 -> 25 | AB35: =(AA35+(B35/C35*D35+G35/H35*I35+L35/M35*N35+Q35/R35*S35+V35/W35*X35))/($D$1+$I$1+$N$1+$S$1+$X$1) -> 0.014557327 | AC35: =(E35+J35+O35+T35+Y35)/(AA35) -> 0.6
A36: Yasou | B36: 6 | C36: 11 | D36: 7 | E36: 3 | G36: 5 | H36: 8 | I36: 6 | J36: 2 | L36: 6 | M36: 12 | N36: 17 | O36: 3 | Q36: 2 | R36: 3 | S36: 3 | T36: 0 | W36: 1 | AA36: =B36+G36+L36+Q36+V36 -> 19 | AB36: =(AA36+(B36/C36*D36+G36/H36*I36+L36/M36*N36+Q36/R36*S36+V36/W36*X36))/($D$1+$I$1+$N$1+$S$1+$X$1) -> 0.012642627 | AC36: =(E36+J36+O36+T36+Y36)/(AA36) -> 0.42105263
A37: Seraphine | B37: 11 | C37: 31 | D37: 39 | E37: 3 | G37: 1 | H37: 2 | I37: 2 | J37: 1 | L37: 1 | M37: 19 | N37: 5 | O37: 1 | R37: 1 | W37: 1 | AA37: =B37+G37+L37+Q37+V37 -> 13 | AB37: =(AA37+(B37/C37*D37+G37/H37*I37+L37/M37*N37+Q37/R37*S37+V37/W37*X37))/($D$1+$I$1+$N$1+$S$1+$X$1) -> 0.0095845387 | AC37: =(E37+J37+O37+T37+Y37)/(AA37) -> 0.38461538
A38: Nautilus | C38: 1 | G38: 14 | H38: 139 | I38: 130 | J38: 9 | M38: 1 | R38: 1 | W38: 1 | AA38: =B38+G38+L38+Q38+V38 -> 14 | AB38: =(AA38+(B38/C38*D38+G38/H38*I38+L38/M38*N38+Q38/R38*S38+V38/W38*X38))/($D$1+$I$1+$N$1+$S$1+$X$1) -> 0.0092406293 | AC38: =(E38+J38+O38+T38+Y38)/(AA38) -> 0.64285714
A39: Ziggs | C39: 1 | H39: 1 | L39: 5 | M39: 63 | N39: 89 | O39: 2 | Q39: 6 | R39: 44 | S39: 41 | T39: 4 | V39: 1 | W39: 8 | X39: 7 | Y39: 0 | AA39: =B39+G39+L39+Q39+V39 -> 12 | AB39: =(AA39+(B39/C39*D39+G39/H39*I39+L39/M39*N39+Q39/R39*S39+V39/W39*X39))/($D$1+$I$1+$N$1+$S$1+$X$1) -> 0.0087071627 | AC39: =(E39+J39+O39+T39+Y39)/(AA39) -> 0.5
A40: Zeri | C40: 1 | H40: 1 | L40: 17 | M40: 158 | N40: 60 | O40: 7 | Q40: 1 | R40: 52 | S40: 18 | T40: 0 | W40: 1 | AA40: =B40+G40+L40+Q40+V40 -> 18 | AB40: =(AA40+(B40/C40*D40+G40/H40*I40+L40/M40*N40+Q40/R40*S40+V40/W40*X40))/($D$1+$I$1+$N$1+$S$1+$X$1) -> 0.0084590212 | AC40: =(E40+J40+O40+T40+Y40)/(AA40) -> 0.38888889
A41: Irelia | B41: 4 | C41: 14 | D41: 21 | E41: 2 | G41: 5 | H41: 10 | I41: 11 | J41: 3 | L41: 1 | M41: 2 | N41: 3 | O41: 0 | R41: 1 | W41: 1 | AA41: =B41+G41+L41+Q41+V41 -> 10 | AB41: =(AA41+(B41/C41*D41+G41/H41*I41+L41/M41*N41+Q41/R41*S41+V41/W41*X41))/($D$1+$I$1+$N$1+$S$1+$X$1) -> 0.0078444748 | AC41: =(E41+J41+O41+T41+Y41)/(AA41) -> 0.5
A42: Anivia | B42: 3 | C42: 3 | D42: 0 | E42: 1 | H42: 1 | M42: 1 | Q42: 4 | R42: 10 | S42: 3 | T42: 2 | V42: 7 | W42: 7 | X42: 6 | Y42: 2 | AA42: =B42+G42+L42+Q42+V42 -> 14 | AB42: =(AA42+(B42/C42*D42+G42/H42*I42+L42/M42*N42+Q42/R42*S42+V42/W42*X42))/($D$1+$I$1+$N$1+$S$1+$X$1) -> 0.0072305593 | AC42: =(E42+J42+O42+T42+Y42)/(AA42) -> 0.35714286
A43: Renekton | B43: 3 | C43: 67 | D43: 156 | E43: 0 | G43: 1 | H43: 216 | I43: 208 | J43: 1 | L43: 2 | M43: 121 | N43: 141 | O43: 1 | Q43: 2 | R43: 87 | S43: 79 | T43: 1 | W43: 1 | AA43: =B43+G43+L43+Q43+V43 -> 8 | AB43: =(AA43+(B43/C43*D43+G43/H43*I43+L43/M43*N43+Q43/R43*S43+V43/W43*X43))/($D$1+$I$1+$N$1+$S$1+$X$1) -> 0.0068535839 | AC43: =(E43+J43+O43+T43+Y43)/(AA43) -> 0.375
A44: Tryndamere | B44: 5 | C44: 51 | D44: 96 | E44: 2 | H44: 1 | L44: 1 | M44: 1 | N44: 1 | O44: 1 | Q44: 2 | R44: 2 | S44: 0 | T44: 1 | W44: 1 | AA44: =B44+G44+L44+Q44+V44 -> 8 | AB44: =(AA44+(B44/C44*D44+G44/H44*I44+L44/M44*N44+Q44/R44*S44+V44/W44*X44))/($D$1+$I$1+$N$1+$S$1+$X$1) -> 0.0062795923 | AC44: =(E44+J44+O44+T44+Y44)/(AA44) -> 0.5
A45: Mel | C45: 1 | H45: 1 | M45: 1 | Q45: 7 | R45: 8 | S45: 9 | T45: 3 | V45: 1 | W45: 1 | X45: 2 | Y45: 0 | AA45: =B45+G45+L45+Q45+V45 -> 8 | AB45: =(AA45+(B45/C45*D45+G45/H45*I45+L45/M45*N45+Q45/R45*S45+V45/W45*X45))/($D$1+$I$1+$N$1+$S$1+$X$1) -> 0.0060965211 | AC45: =(E45+J45+O45+T45+Y45)/(AA45) -> 0.375
A46: Nasus | C46: 1 | H46: 1 | L46: 5 | M46: 10 | N46: 17 | O46: 1 | R46: 1 | W46: 1 | AA46: =B46+G46+L46+Q46+V46 -> 5 | AB46: =(AA46+(B46/C46*D46+G46/H46*I46+L46/M46*N46+Q46/R46*S46+V46/W46*X46))/($D$1+$I$1+$N$1+$S$1+$X$1) -> 0.0046043656 | AC46: =(E46+J46+O46+T46+Y46)/(AA46) -> 0.2
A47: Xerath | C47: 1 | G47: 7 | H47: 7 | I47: 3 | J47: 2 | M47: 1 | Q47: 2 | R47: 2 | S47: 0 | T47: 0 | W47: 1 | AA47: =B47+G47+L47+Q47+V47 -> 9 | AB47: =(AA47+(B47/C47*D47+G47/H47*I47+L47/M47*N47+Q47/R47*S47+V47/W47*X47))/($D$1+$I$1+$N$1+$S$1+$X$1) -> 0.0040927694 | AC47: =(E47+J47+O47+T47+Y47)/(AA47) -> 0.22222222
A48: Sett | B48: 4 | C48: 27 | D48: 9 | E48: 2 | G48: 1 | H48: 6 | I48: 1 | J48: 1 | M48: 1 | Q48: 3 | R48: 6 | S48: 2 | T48: 3 | W48: 1 | AA48: =B48+G48+L48+Q48+V48 -> 8 | AB48: =(AA48+(B48/C48*D48+G48/H48*I48+L48/M48*N48+Q48/R48*S48+V48/W48*X48))/($D$1+$I$1+$N$1+$S$1+$X$1) -> 0.0035811733 | AC48: =(E48+J48+O48+T48+Y48)/(AA48) -> 0.75
A49: Zilean | B49: 4 | C49: 11 | D49: 3 | E49: 3 | H49: 1 | M49: 1 | Q49: 3 | R49: 3 | S49: 1 | T49: 1 | W49: 1 | AA49: =B49+G49+L49+Q49+V49 -> 7 | AB49: =(AA49+(B49/C49*D49+G49/H49*I49+L49/M49*N49+Q49/R49*S49+V49/W49*X49))/($D$1+$I$1+$N$1+$S$1+$X$1) -> 0.0031005829 | AC49: =(E49+J49+O49+T49+Y49)/(AA49) -> 0.57142857
A50: Pantheon | C50: 1 | H50: 1 | M50: 1 | Q50: 3 | R50: 122 | S50: 226 | T50: 2 | W50: 1 | AA50: =B50+G50+L50+Q50+V50 -> 3 | AB50: =(AA50+(B50/C50*D50+G50/H50*I50+L50/M50*N50+Q50/R50*S50+V50/W50*X50))/($D$1+$I$1+$N$1+$S$1+$X$1) -> 0.0029186143 | AC50: =(E50+J50+O50+T50+Y50)/(AA50) -> 0.66666667
A51: Draven | C51: 1 | H51: 1 | L51: 4 | M51: 30 | N51: 31 | O51: 3 | R51: 1 | W51: 1 | AA51: =B51+G51+L51+Q51+V51 -> 4 | AB51: =(AA51+(B51/C51*D51+G51/H51*I51+L51/M51*N51+Q51/R51*S51+V51/W51*X51))/($D$1+$I$1+$N$1+$S$1+$X$1) -> 0.0027739882 | AC51: =(E51+J51+O51+T51+Y51)/(AA51) -> 0.75
A52: Kai'Sa | B52: 3 | C52: 80 | D52: 44 | E52: 1 | G52: 2 | H52: 165 | I52: 70 | J52: 0 | M52: 1 | R52: 1 | W52: 1 | AA52: =B52+G52+L52+Q52+V52 -> 5 | AB52: =(AA52+(B52/C52*D52+G52/H52*I52+L52/M52*N52+Q52/R52*S52+V52/W52*X52))/($D$1+$I$1+$N$1+$S$1+$X$1) -> 0.0025574641 | AC52: =(E52+J52+O52+T52+Y52)/(AA52) -> 0.2
A53: Ambessa | C53: 1 | H53: 1 | M53: 1 | Q53: 4 | R53: 176 | S53: 127 | T53: 2 | W53: 1 | AA53: =B53+G53+L53+Q53+V53 -> 4 | AB53: =(AA53+(B53/C53*D53+G53/H53*I53+L53/M53*N53+Q53/R53*S53+V53/W53*X53))/($D$1+$I$1+$N$1+$S$1+$X$1) -> 0.0023486916 | AC53: =(E53+J53+O53+T53+Y53)/(AA53) -> 0.5
A54: Gwen | B54: 3 | C54: 194 | D54: 173 | E54: 3 | H54: 1 | M54: 1 | R54: 1 | W54: 1 | AA54: =B54+G54+L54+Q54+V54 -> 3 | AB54: =(AA54+(B54/C54*D54+G54/H54*I54+L54/M54*N54+Q54/R54*S54+V54/W54*X54))/($D$1+$I$1+$N$1+$S$1+$X$1) -> 0.0019356268 | AC54: =(E54+J54+O54+T54+Y54)/(AA54) -> 1
A55: Zac | B55: 2 | C55: 4 | D55: 1 | E55: 1 | H55: 1 | L55: 1 | M55: 22 | N55: 19 | O55: 0 | R55: 1 | W55: 1 | AA55: =B55+G55+L55+Q55+V55 -> 3 | AB55: =(AA55+(B55/C55*D55+G55/H55*I55+L55/M55*N55+Q55/R55*S55+V55/W55*X55))/($D$1+$I$1+$N$1+$S$1+$X$1) -> 0.0014882798 | AC55: =(E55+J55+O55+T55+Y55)/(AA55) -> 0.33333333
A56: Ornn | B56: 2 | C56: 97 | D56: 100 | E56: 1 | H56: 1 | M56: 1 | R56: 1 | W56: 1 | AA56: =B56+G56+L56+Q56+V56 -> 2 | AB56: =(AA56+(B56/C56*D56+G56/H56*I56+L56/M56*N56+Q56/R56*S56+V56/W56*X56))/($D$1+$I$1+$N$1+$S$1+$X$1) -> 0.0013853532 | AC56: =(E56+J56+O56+T56+Y56)/(AA56) -> 0.5
A57: Malzahar | B57: 2 | C57: 2 | D57: 0 | E57: 1 | H57: 1 | M57: 1 | Q57: 1 | R57: 1 | S57: 0 | T57: 0 | V57: 1 | W57: 1 | X57: 0 | Y57: 0 | AA57: =B57+G57+L57+Q57+V57 -> 4 | AB57: =(AA57+(B57/C57*D57+G57/H57*I57+L57/M57*N57+Q57/R57*S57+V57/W57*X57))/($D$1+$I$1+$N$1+$S$1+$X$1) -> 0.0013642565 | AC57: =(E57+J57+O57+T57+Y57)/(AA57) -> 0.25
A58: Zed | B58: 1 | C58: 1 | D58: 1 | E58: 0 | H58: 1 | M58: 1 | Q58: 1 | R58: 15 | S58: 13 | T58: 1 | W58: 1 | AA58: =B58+G58+L58+Q58+V58 -> 2 | AB58: =(AA58+(B58/C58*D58+G58/H58*I58+L58/M58*N58+Q58/R58*S58+V58/W58*X58))/($D$1+$I$1+$N$1+$S$1+$X$1) -> 0.0013187813 | AC58: =(E58+J58+O58+T58+Y58)/(AA58) -> 0.5
A59: Kalista | B59: 1 | C59: 93 | D59: 252 | E59: 1 | H59: 1 | M59: 1 | R59: 1 | W59: 1 | AA59: =B59+G59+L59+Q59+V59 -> 1 | AB59: =(AA59+(B59/C59*D59+G59/H59*I59+L59/M59*N59+Q59/R59*S59+V59/W59*X59))/($D$1+$I$1+$N$1+$S$1+$X$1) -> 0.0012652379 | AC59: =(E59+J59+O59+T59+Y59)/(AA59) -> 1
A60: Morgana | C60: 1 | H60: 1 | M60: 1 | Q60: 3 | R60: 6 | S60: 1 | T60: 1 | W60: 1 | AA60: =B60+G60+L60+Q60+V60 -> 3 | AB60: =(AA60+(B60/C60*D60+G60/H60*I60+L60/M60*N60+Q60/R60*S60+V60/W60*X60))/($D$1+$I$1+$N$1+$S$1+$X$1) -> 0.0011937244 | AC60: =(E60+J60+O60+T60+Y60)/(AA60) -> 0.33333333
A61: Rumble | C61: 1 | G61: 1 | H61: 48 | I61: 104 | J61: 1 | M61: 1 | R61: 1 | W61: 1 | AA61: =B61+G61+L61+Q61+V61 -> 1 | AB61: =(AA61+(B61/C61*D61+G61/H61*I61+L61/M61*N61+Q61/R61*S61+V61/W61*X61))/($D$1+$I$1+$N$1+$S$1+$X$1) -> 0.0010800364 | AC61: =(E61+J61+O61+T61+Y61)/(AA61) -> 1
A62: Ezreal | C62: 1 | G62: 1 | H62: 59 | I62: 14 | J62: 0 | L62: 1 | M62: 126 | N62: 106 | O62: 0 | R62: 1 | W62: 1 | AA62: =B62+G62+L62+Q62+V62 -> 2 | AB62: =(AA62+(B62/C62*D62+G62/H62*I62+L62/M62*N62+Q62/R62*S62+V62/W62*X62))/($D$1+$I$1+$N$1+$S$1+$X$1) -> 0.0010499857 | AC62: =(E62+J62+O62+T62+Y62)/(AA62) -> 0
A63: Viego | C63: 1 | H63: 1 | M63: 1 | Q63: 2 | R63: 42 | S63: 13 | T63: 2 | W63: 1 | AA63: =B63+G63+L63+Q63+V63 -> 2 | AB63: =(AA63+(B63/C63*D63+G63/H63*I63+L63/M63*N63+Q63/R63*S63+V63/W63*X63))/($D$1+$I$1+$N$1+$S$1+$X$1) -> 0.00089326317 | AC63: =(E63+J63+O63+T63+Y63)/(AA63) -> 1
A64: Sion | B64: 1 | C64: 20 | D64: 2 | E64: 0 | G64: 1 | H64: 63 | I64: 30 | J64: 0 | M64: 1 | R64: 1 | W64: 1 | AA64: =B64+G64+L64+Q64+V64 -> 2 | AB64: =(AA64+(B64/C64*D64+G64/H64*I64+L64/M64*N64+Q64/R64*S64+V64/W64*X64))/($D$1+$I$1+$N$1+$S$1+$X$1) -> 0.00087864614 | AC64: =(E64+J64+O64+T64+Y64)/(AA64) -> 0
A65: Kled | C65: 1 | H65: 1 | L65: 1 | M65: 1 | N65: 0 | O65: 0 | Q65: 1 | R65: 2 | S65: 1 | T65: 0 | W65: 1 | AA65: =B65+G65+L65+Q65+V65 -> 2 | AB65: =(AA65+(B65/C65*D65+G65/H65*I65+L65/M65*N65+Q65/R65*S65+V65/W65*X65))/($D$1+$I$1+$N$1+$S$1+$X$1) -> 0.0008526603 | AC65: =(E65+J65+O65+T65+Y65)/(AA65) -> 0
A66: Caitlyn | C66: 1 | H66: 1 | L66: 1 | M66: 24 | N66: 29 | O66: 0 | R66: 1 | W66: 1 | AA66: =B66+G66+L66+Q66+V66 -> 1 | AB66: =(AA66+(B66/C66*D66+G66/H66*I66+L66/M66*N66+Q66/R66*S66+V66/W66*X66))/($D$1+$I$1+$N$1+$S$1+$X$1) -> 0.00075318327 | AC66: =(E66+J66+O66+T66+Y66)/(AA66) -> 0
A67: Lee Sin | C67: 1 | H67: 1 | M67: 1 | Q67: 1 | R67: 35 | S67: 40 | T67: 1 | W67: 1 | AA67: =B67+G67+L67+Q67+V67 -> 1 | AB67: =(AA67+(B67/C67*D67+G67/H67*I67+L67/M67*N67+Q67/R67*S67+V67/W67*X67))/($D$1+$I$1+$N$1+$S$1+$X$1) -> 0.00073085169 | AC67: =(E67+J67+O67+T67+Y67)/(AA67) -> 1
A68: Aatrox | B68: 1 | C68: 82 | D68: 91 | E68: 1 | H68: 1 | M68: 1 | R68: 1 | W68: 1 | AA68: =B68+G68+L68+Q68+V68 -> 1 | AB68: =(AA68+(B68/C68*D68+G68/H68*I68+L68/M68*N68+Q68/R68*S68+V68/W68*X68))/($D$1+$I$1+$N$1+$S$1+$X$1) -> 0.00071956211 | AC68: =(E68+J68+O68+T68+Y68)/(AA68) -> 1
A69: Fiora | C69: 1 | G69: 1 | H69: 40 | I69: 38 | J69: 0 | M69: 1 | R69: 1 | W69: 1 | AA69: =B69+G69+L69+Q69+V69 -> 1 | AB69: =(AA69+(B69/C69*D69+G69/H69*I69+L69/M69*N69+Q69/R69*S69+V69/W69*X69))/($D$1+$I$1+$N$1+$S$1+$X$1) -> 0.00066507503 | AC69: =(E69+J69+O69+T69+Y69)/(AA69) -> 0
A70: Diana | C70: 1 | H70: 1 | L70: 1 | M70: 3 | N70: 2 | O70: 0 | R70: 1 | W70: 1 | AA70: =B70+G70+L70+Q70+V70 -> 1 | AB70: =(AA70+(B70/C70*D70+G70/H70*I70+L70/M70*N70+Q70/R70*S70+V70/W70*X70))/($D$1+$I$1+$N$1+$S$1+$X$1) -> 0.0005684402 | AC70: =(E70+J70+O70+T70+Y70)/(AA70) -> 0
A71: Cho'Gath | C71: 1 | H71: 1 | M71: 1 | Q71: 1 | R71: 12 | S71: 1 | T71: 0 | W71: 1 | AA71: =B71+G71+L71+Q71+V71 -> 1 | AB71: =(AA71+(B71/C71*D71+G71/H71*I71+L71/M71*N71+Q71/R71*S71+V71/W71*X71))/($D$1+$I$1+$N$1+$S$1+$X$1) -> 0.00036948613 | AC71: =(E71+J71+O71+T71+Y71)/(AA71) -> 0
A72: Garen | C72: 1 | H72: 1 | L72: 1 | M72: 4 | N72: 0 | O72: 1 | R72: 1 | W72: 1 | AA72: =B72+G72+L72+Q72+V72 -> 1 | AB72: =(AA72+(B72/C72*D72+G72/H72*I72+L72/M72*N72+Q72/R72*S72+V72/W72*X72))/($D$1+$I$1+$N$1+$S$1+$X$1) -> 0.00034106412 | AC72: =(E72+J72+O72+T72+Y72)/(AA72) -> 1
A73: Naafiri | C73: 1 | H73: 1 | L73: 1 | M73: 1 | N73: 0 | O73: 1 | R73: 1 | W73: 1 | AA73: =B73+G73+L73+Q73+V73 -> 1 | AB73: =(AA73+(B73/C73*D73+G73/H73*I73+L73/M73*N73+Q73/R73*S73+V73/W73*X73))/($D$1+$I$1+$N$1+$S$1+$X$1) -> 0.00034106412 | AC73: =(E73+J73+O73+T73+Y73)/(AA73) -> 1
A74: Vel'Koz | B74: 1 | C74: 1 | D74: 0 | E74: 0 | H74: 1 | M74: 1 | R74: 1 | W74: 1 | AA74: =B74+G74+L74+Q74+V74 -> 1 | AB74: =(AA74+(B74/C74*D74+G74/H74*I74+L74/M74*N74+Q74/R74*S74+V74/W74*X74))/($D$1+$I$1+$N$1+$S$1+$X$1) -> 0.00034106412 | AC74: =(E74+J74+O74+T74+Y74)/(AA74) -> 0
A75: Vladimir | C75: 1 | H75: 1 | M75: 1 | Q75: 1 | R75: 4 | S75: 0 | T75: 1 | W75: 1 | AA75: =B75+G75+L75+Q75+V75 -> 1 | AB75: =(AA75+(B75/C75*D75+G75/H75*I75+L75/M75*N75+Q75/R75*S75+V75/W75*X75))/($D$1+$I$1+$N$1+$S$1+$X$1) -> 0.00034106412 | AC75: =(E75+J75+O75+T75+Y75)/(AA75) -> 1
A76: Ekko | C76: 1 | H76: 1 | M76: 1 | R76: 1 | V76: 1 | W76: 1 | X76: 0 | Y76: 1 | AA76: =B76+G76+L76+Q76+V76 -> 1 | AB76: =(AA76+(B76/C76*D76+G76/H76*I76+L76/M76*N76+Q76/R76*S76+V76/W76*X76))/($D$1+$I$1+$N$1+$S$1+$X$1) -> 0.00034106412 | AC76: =(E76+J76+O76+T76+Y76)/(AA76) -> 1

Sheet Bottom
A1: Bottom | B1: 2022 | C1: Games: | D1: 686 | G1: 2023 | H1: Games: | I1: 688 | L1: 2024 | M1: Games: | N1: 679 | Q1: 2025 | R1: Games: | S1: 754 | V1: 2026 | W1: Games: | X1: 125
A2: Champion | B2: Picks | C2: Total | D2: Bans | E2: Wins | G2: Picks | H2: Total | I2: Bans | J2: Wins | L2: Picks | M2: Total | N2: Bans | O2: Wins | Q2: Picks | R2: Total | S2: Bans | T2: Wins | V2: Picks | W2: Total | X2: Bans | Y2: Wins | AA2: Total Picks | AB2: Pickrate | AC2: Winrate
A3: Kalista | B3: 92 | C3: 93 | D3: 252 | E3: 42 | G3: 22 | H3: 29 | I3: 61 | J3: 10 | L3: 143 | M3: 148 | N3: 338 | O3: 83 | Q3: 66 | R3: 66 | S3: 308 | T3: 31 | V3: 12 | W3: 12 | X3: 8 | Y3: 5 | AA3: =B3+G3+L3+Q3+V3 -> 335 | AB3: =(AA3+(B3/C3*D3+G3/H3*I3+L3/M3*N3+Q3/R3*S3+V3/W3*X3))/($D$1+$I$1+$N$1+$S$1+$X$1) -> 0.43422485 | AC3: =(E3+J3+O3+T3+Y3)/(AA3) -> 0.51044776
A4: Varus | B4: 35 | C4: 35 | D4: 13 | E4: 16 | G4: 129 | H4: 130 | I4: 139 | J4: 63 | L4: 131 | M4: 133 | N4: 148 | O4: 61 | Q4: 144 | R4: 145 | S4: 297 | T4: 75 | V4: 22 | W4: 22 | X4: 65 | Y4: 12 | AA4: =B4+G4+L4+Q4+V4 -> 461 | AB4: =(AA4+(B4/C4*D4+G4/H4*I4+L4/M4*N4+Q4/R4*S4+V4/W4*X4))/($D$1+$I$1+$N$1+$S$1+$X$1) -> 0.38119268 | AC4: =(E4+J4+O4+T4+Y4)/(AA4) -> 0.49240781
A5: Lucian | B5: 76 | C5: 79 | D5: 260 | E5: 39 | G5: 92 | H5: 92 | I5: 196 | J5: 49 | L5: 99 | M5: 126 | N5: 177 | O5: 55 | Q5: 100 | R5: 100 | S5: 79 | T5: 47 | V5: 20 | W5: 20 | X5: 25 | Y5: 9 | AA5: =B5+G5+L5+Q5+V5 -> 387 | AB5: =(AA5+(B5/C5*D5+G5/H5*I5+L5/M5*N5+Q5/R5*S5+V5/W5*X5))/($D$1+$I$1+$N$1+$S$1+$X$1) -> 0.36705253 | AC5: =(E5+J5+O5+T5+Y5)/(AA5) -> 0.51421189
A6: Zeri | B6: 117 | C6: 117 | D6: 249 | E6: 68 | G6: 222 | H6: 222 | I6: 93 | J6: 106 | L6: 140 | M6: 158 | N6: 60 | O6: 72 | Q6: 51 | R6: 52 | S6: 18 | T6: 26 | V6: 2 | W6: 2 | X6: 3 | Y6: 1 | AA6: =B6+G6+L6+Q6+V6 -> 532 | AB6: =(AA6+(B6/C6*D6+G6/H6*I6+L6/M6*N6+Q6/R6*S6+V6/W6*X6))/($D$1+$I$1+$N$1+$S$1+$X$1) -> 0.32326685 | AC6: =(E6+J6+O6+T6+Y6)/(AA6) -> 0.51315789
A7: Kai'Sa | B7: 77 | C7: 80 | D7: 44 | E7: 45 | G7: 163 | H7: 165 | I7: 70 | J7: 82 | L7: 91 | M7: 91 | N7: 61 | O7: 41 | Q7: 137 | R7: 137 | S7: 139 | T7: 72 | V7: 11 | W7: 11 | X7: 6 | Y7: 8 | AA7: =B7+G7+L7+Q7+V7 -> 479 | AB7: =(AA7+(B7/C7*D7+G7/H7*I7+L7/M7*N7+Q7/R7*S7+V7/W7*X7))/($D$1+$I$1+$N$1+$S$1+$X$1) -> 0.27165809 | AC7: =(E7+J7+O7+T7+Y7)/(AA7) -> 0.5177453
A8: Ezreal | B8: 94 | C8: 94 | D8: 64 | E8: 45 | G8: 58 | H8: 59 | I8: 14 | J8: 23 | L8: 124 | M8: 126 | N8: 106 | O8: 61 | Q8: 156 | R8: 156 | S8: 110 | T8: 72 | V8: 26 | W8: 26 | X8: 12 | Y8: 10 | AA8: =B8+G8+L8+Q8+V8 -> 458 | AB8: =(AA8+(B8/C8*D8+G8/H8*I8+L8/M8*N8+Q8/R8*S8+V8/W8*X8))/($D$1+$I$1+$N$1+$S$1+$X$1) -> 0.2599182 | AC8: =(E8+J8+O8+T8+Y8)/(AA8) -> 0.46069869
A9: Xayah | B9: 80 | C9: 80 | D9: 33 | E9: 41 | G9: 189 | H9: 189 | I9: 130 | J9: 105 | L9: 66 | M9: 66 | N9: 31 | O9: 25 | Q9: 98 | R9: 98 | S9: 109 | T9: 58 | V9: 6 | W9: 6 | X9: 3 | Y9: 4 | AA9: =B9+G9+L9+Q9+V9 -> 439 | AB9: =(AA9+(B9/C9*D9+G9/H9*I9+L9/M9*N9+Q9/R9*S9+V9/W9*X9))/($D$1+$I$1+$N$1+$S$1+$X$1) -> 0.25409277 | AC9: =(E9+J9+O9+T9+Y9)/(AA9) -> 0.53075171
A10: Aphelios | B10: 244 | C10: 244 | D10: 122 | E10: 120 | G10: 207 | H10: 207 | I10: 57 | J10: 99 | L10: 37 | M10: 37 | N10: 9 | O10: 17 | Q10: 10 | R10: 10 | S10: 1 | T10: 3 | V10: 20 | W10: 20 | X10: 13 | Y10: 11 | AA10: =B10+G10+L10+Q10+V10 -> 518 | AB10: =(AA10+(B10/C10*D10+G10/H10*I10+L10/M10*N10+Q10/R10*S10+V10/W10*X10))/($D$1+$I$1+$N$1+$S$1+$X$1) -> 0.24556617 | AC10: =(E10+J10+O10+T10+Y10)/(AA10) -> 0.48262548
A11: Caitlyn | B11: 43 | C11: 43 | D11: 274 | E11: 22 | G11: 41 | H11: 50 | I11: 197 | J11: 22 | L11: 23 | M11: 24 | N11: 29 | O11: 12 | Q11: 48 | R11: 48 | S11: 65 | T11: 25 | V11: 4 | W11: 4 | X11: 1 | Y11: 1 | AA11: =B11+G11+L11+Q11+V11 -> 159 | AB11: =(AA11+(B11/C11*D11+G11/H11*I11+L11/M11*N11+Q11/R11*S11+V11/W11*X11))/($D$1+$I$1+$N$1+$S$1+$X$1) -> 0.23476523 | AC11: =(E11+J11+O11+T11+Y11)/(AA11) -> 0.51572327
A12: Ashe | B12: 16 | C12: 23 | D12: 10 | E12: 8 | G12: 30 | H12: 64 | I12: 197 | J12: 11 | L12: 84 | M12: 122 | N12: 374 | O12: 47 | Q12: 69 | R12: 71 | S12: 66 | T12: 44 | V12: 11 | W12: 11 | X12: 7 | Y12: 7 | AA12: =B12+G12+L12+Q12+V12 -> 210 | AB12: =(AA12+(B12/C12*D12+G12/H12*I12+L12/M12*N12+Q12/R12*S12+V12/W12*X12))/($D$1+$I$1+$N$1+$S$1+$X$1) -> 0.21758162 | AC12: =(E12+J12+O12+T12+Y12)/(AA12) -> 0.55714286
A13: Senna | B13: 1 | C13: 51 | D13: 60 | E13: 0 | H13: 1 | L13: 100 | M13: 115 | N13: 297 | O13: 71 | Q13: 44 | R13: 45 | S13: 36 | T13: 22 | W13: 1 | AA13: =B13+G13+L13+Q13+V13 -> 145 | AB13: =(AA13+(B13/C13*D13+G13/H13*I13+L13/M13*N13+Q13/R13*S13+V13/W13*X13))/($D$1+$I$1+$N$1+$S$1+$X$1) -> 0.14994452 | AC13: =(E13+J13+O13+T13+Y13)/(AA13) -> 0.64137931
A14: Jhin | B14: 66 | C14: 66 | D14: 9 | E14: 25 | G14: 19 | H14: 24 | I14: 1 | J14: 7 | L14: 71 | M14: 71 | N14: 34 | O14: 35 | Q14: 134 | R14: 134 | S14: 52 | T14: 70 | V14: 17 | W14: 17 | X14: 4 | Y14: 8 | AA14: =B14+G14+L14+Q14+V14 -> 307 | AB14: =(AA14+(B14/C14*D14+G14/H14*I14+L14/M14*N14+Q14/R14*S14+V14/W14*X14))/($D$1+$I$1+$N$1+$S$1+$X$1) -> 0.13874204 | AC14: =(E14+J14+O14+T14+Y14)/(AA14) -> 0.4723127
A15: Jinx | B15: 163 | C15: 163 | D15: 48 | E15: 86 | G15: 74 | H15: 74 | I15: 24 | J15: 41 | L15: 24 | M15: 24 | N15: 15 | O15: 9 | Q15: 30 | R15: 30 | S15: 13 | T15: 16 | V15: 4 | W15: 4 | X15: 0 | Y15: 2 | AA15: =B15+G15+L15+Q15+V15 -> 295 | AB15: =(AA15+(B15/C15*D15+G15/H15*I15+L15/M15*N15+Q15/R15*S15+V15/W15*X15))/($D$1+$I$1+$N$1+$S$1+$X$1) -> 0.13472033 | AC15: =(E15+J15+O15+T15+Y15)/(AA15) -> 0.5220339
A16: Sivir | B16: 53 | C16: 53 | D16: 48 | E16: 35 | G16: 31 | H16: 31 | I16: 13 | J16: 15 | L16: 5 | M16: 5 | N16: 2 | O16: 0 | Q16: 80 | R16: 80 | S16: 65 | T16: 37 | V16: 16 | W16: 16 | X16: 16 | Y16: 10 | AA16: =B16+G16+L16+Q16+V16 -> 185 | AB16: =(AA16+(B16/C16*D16+G16/H16*I16+L16/M16*N16+Q16/R16*S16+V16/W16*X16))/($D$1+$I$1+$N$1+$S$1+$X$1) -> 0.1122101 | AC16: =(E16+J16+O16+T16+Y16)/(AA16) -> 0.52432432
A17: Miss Fortune | B17: 34 | C17: 34 | D17: 14 | E17: 11 | G17: 1 | H17: 1 | I17: 1 | J17: 0 | L17: 59 | M17: 59 | N17: 26 | O17: 24 | Q17: 103 | R17: 103 | S17: 75 | T17: 47 | V17: 6 | W17: 6 | X17: 4 | Y17: 2 | AA17: =B17+G17+L17+Q17+V17 -> 203 | AB17: =(AA17+(B17/C17*D17+G17/H17*I17+L17/M17*N17+Q17/R17*S17+V17/W17*X17))/($D$1+$I$1+$N$1+$S$1+$X$1) -> 0.11016371 | AC17: =(E17+J17+O17+T17+Y17)/(AA17) -> 0.4137931
A18: Draven | B18: 25 | C18: 25 | D18: 67 | E18: 14 | G18: 48 | H18: 48 | I18: 69 | J18: 26 | L18: 26 | M18: 30 | N18: 31 | O18: 8 | Q18: 15 | R18: 15 | S18: 22 | T18: 6 | W18: 1 | AA18: =B18+G18+L18+Q18+V18 -> 114 | AB18: =(AA18+(B18/C18*D18+G18/H18*I18+L18/M18*N18+Q18/R18*S18+V18/W18*X18))/($D$1+$I$1+$N$1+$S$1+$X$1) -> 0.1019327 | AC18: =(E18+J18+O18+T18+Y18)/(AA18) -> 0.47368421
A19: Yunara | C19: 1 | H19: 1 | M19: 1 | Q19: 40 | R19: 40 | S19: 155 | T19: 24 | V19: 36 | W19: 36 | X19: 30 | Y19: 19 | AA19: =B19+G19+L19+Q19+V19 -> 76 | AB19: =(AA19+(B19/C19*D19+G19/H19*I19+L19/M19*N19+Q19/R19*S19+V19/W19*X19))/($D$1+$I$1+$N$1+$S$1+$X$1) -> 0.089017735 | AC19: =(E19+J19+O19+T19+Y19)/(AA19) -> 0.56578947
A20: Ziggs | B20: 9 | C20: 9 | D20: 6 | E20: 5 | G20: 7 | H20: 7 | I20: 10 | J20: 3 | L20: 58 | M20: 63 | N20: 89 | O20: 30 | Q20: 38 | R20: 44 | S20: 41 | T20: 16 | V20: 7 | W20: 8 | X20: 7 | Y20: 2 | AA20: =B20+G20+L20+Q20+V20 -> 119 | AB20: =(AA20+(B20/C20*D20+G20/H20*I20+L20/M20*N20+Q20/R20*S20+V20/W20*X20))/($D$1+$I$1+$N$1+$S$1+$X$1) -> 0.088155047 | AC20: =(E20+J20+O20+T20+Y20)/(AA20) -> 0.47058824
A21: Corki | C21: 1 | H21: 1 | L21: 4 | M21: 202 | N21: 127 | O21: 1 | Q21: 115 | R21: 161 | S21: 64 | T21: 53 | V21: 29 | W21: 29 | X21: 13 | Y21: 14 | AA21: =B21+G21+L21+Q21+V21 -> 148 | AB21: =(AA21+(B21/C21*D21+G21/H21*I21+L21/M21*N21+Q21/R21*S21+V21/W21*X21))/($D$1+$I$1+$N$1+$S$1+$X$1) -> 0.071360552 | AC21: =(E21+J21+O21+T21+Y21)/(AA21) -> 0.45945946
A22: Tristana | B22: 36 | C22: 37 | D22: 25 | E22: 16 | G22: 12 | H22: 85 | I22: 139 | J22: 9 | L22: 3 | M22: 140 | N22: 154 | O22: 0 | Q22: 9 | R22: 24 | S22: 12 | T22: 4 | V22: 1 | W22: 3 | X22: 0 | Y22: 0 | AA22: =B22+G22+L22+Q22+V22 -> 61 | AB22: =(AA22+(B22/C22*D22+G22/H22*I22+L22/M22*N22+Q22/R22*S22+V22/W22*X22))/($D$1+$I$1+$N$1+$S$1+$X$1) -> 0.038454248 | AC22: =(E22+J22+O22+T22+Y22)/(AA22) -> 0.47540984
A23: Smolder | C23: 1 | H23: 1 | L23: 41 | M23: 73 | N23: 75 | O23: 17 | Q23: 10 | R23: 19 | S23: 10 | T23: 3 | W23: 1 | AA23: =B23+G23+L23+Q23+V23 -> 51 | AB23: =(AA23+(B23/C23*D23+G23/H23*I23+L23/M23*N23+Q23/R23*S23+V23/W23*X23))/($D$1+$I$1+$N$1+$S$1+$X$1) -> 0.033556086 | AC23: =(E23+J23+O23+T23+Y23)/(AA23) -> 0.39215686
A24: Nilah | B24: 12 | C24: 12 | D24: 7 | E24: 4 | G24: 9 | H24: 9 | I24: 15 | J24: 5 | L24: 6 | M24: 6 | N24: 6 | O24: 2 | Q24: 3 | R24: 3 | S24: 1 | T24: 2 | W24: 1 | AA24: =B24+G24+L24+Q24+V24 -> 30 | AB24: =(AA24+(B24/C24*D24+G24/H24*I24+L24/M24*N24+Q24/R24*S24+V24/W24*X24))/($D$1+$I$1+$N$1+$S$1+$X$1) -> 0.020122783 | AC24: =(E24+J24+O24+T24+Y24)/(AA24) -> 0.43333333
A25: Seraphine | B25: 17 | C25: 31 | D25: 39 | E25: 6 | H25: 1 | L25: 10 | M25: 19 | N25: 5 | O25: 4 | R25: 1 | W25: 1 | AA25: =B25+G25+L25+Q25+V25 -> 27 | AB25: =(AA25+(B25/C25*D25+G25/H25*I25+L25/M25*N25+Q25/R25*S25+V25/W25*X25))/($D$1+$I$1+$N$1+$S$1+$X$1) -> 0.01740064 | AC25: =(E25+J25+O25+T25+Y25)/(AA25) -> 0.37037037
A26: Samira | B26: 16 | C26: 16 | D26: 12 | E26: 6 | G26: 8 | H26: 8 | I26: 8 | J26: 4 | L26: 2 | M26: 2 | N26: 0 | O26: 1 | R26: 1 | W26: 1 | AA26: =B26+G26+L26+Q26+V26 -> 26 | AB26: =(AA26+(B26/C26*D26+G26/H26*I26+L26/M26*N26+Q26/R26*S26+V26/W26*X26))/($D$1+$I$1+$N$1+$S$1+$X$1) -> 0.01568895 | AC26: =(E26+J26+O26+T26+Y26)/(AA26) -> 0.42307692
A27: Tahm Kench | B27: 23 | C27: 122 | D27: 75 | E27: 10 | G27: 6 | H27: 27 | I27: 10 | J27: 4 | M27: 1 | R27: 1 | W27: 1 | AA27: =B27+G27+L27+Q27+V27 -> 29 | AB27: =(AA27+(B27/C27*D27+G27/H27*I27+L27/M27*N27+Q27/R27*S27+V27/W27*X27))/($D$1+$I$1+$N$1+$S$1+$X$1) -> 0.015471203 | AC27: =(E27+J27+O27+T27+Y27)/(AA27) -> 0.48275862
A28: Twitch | B28: 10 | C28: 10 | D28: 7 | E28: 6 | G28: 1 | H28: 3 | I28: 2 | J28: 1 | L28: 1 | M28: 1 | N28: 2 | O28: 1 | Q28: 1 | R28: 1 | S28: 1 | T28: 0 | W28: 1 | AA28: =B28+G28+L28+Q28+V28 -> 13 | AB28: =(AA28+(B28/C28*D28+G28/H28*I28+L28/M28*N28+Q28/R28*S28+V28/W28*X28))/($D$1+$I$1+$N$1+$S$1+$X$1) -> 0.0080718508 | AC28: =(E28+J28+O28+T28+Y28)/(AA28) -> 0.61538462
A29: Kog'Maw | B29: 5 | C29: 5 | D29: 2 | E29: 1 | G29: 2 | H29: 2 | I29: 1 | J29: 1 | L29: 3 | M29: 3 | N29: 0 | O29: 1 | Q29: 1 | R29: 1 | S29: 0 | T29: 0 | W29: 1 | AA29: =B29+G29+L29+Q29+V29 -> 11 | AB29: =(AA29+(B29/C29*D29+G29/H29*I29+L29/M29*N29+Q29/R29*S29+V29/W29*X29))/($D$1+$I$1+$N$1+$S$1+$X$1) -> 0.0047748977 | AC29: =(E29+J29+O29+T29+Y29)/(AA29) -> 0.27272727
A30: Vayne | B30: 4 | C30: 6 | D30: 0 | E30: 2 | G30: 3 | H30: 3 | I30: 0 | J30: 1 | L30: 1 | M30: 15 | N30: 21 | O30: 0 | Q30: 3 | R30: 4 | S30: 0 | T30: 1 | W30: 1 | AA30: =B30+G30+L30+Q30+V30 -> 11 | AB30: =(AA30+(B30/C30*D30+G30/H30*I30+L30/M30*N30+Q30/R30*S30+V30/W30*X30))/($D$1+$I$1+$N$1+$S$1+$X$1) -> 0.0042291951 | AC30: =(E30+J30+O30+T30+Y30)/(AA30) -> 0.36363636
A31: Yasou | B31: 4 | C31: 11 | D31: 7 | E31: 3 | H31: 1 | L31: 1 | M31: 12 | N31: 17 | O31: 0 | Q31: 1 | R31: 3 | S31: 3 | T31: 0 | W31: 1 | AA31: =B31+G31+L31+Q31+V31 -> 6 | AB31: =(AA31+(B31/C31*D31+G31/H31*I31+L31/M31*N31+Q31/R31*S31+V31/W31*X31))/($D$1+$I$1+$N$1+$S$1+$X$1) -> 0.0037387862 | AC31: =(E31+J31+O31+T31+Y31)/(AA31) -> 0.5
A32: Twisted Fate | C32: 1 | H32: 1 | L32: 2 | M32: 54 | N32: 107 | O32: 1 | R32: 1 | W32: 1 | AA32: =B32+G32+L32+Q32+V32 -> 2 | AB32: =(AA32+(B32/C32*D32+G32/H32*I32+L32/M32*N32+Q32/R32*S32+V32/W32*X32))/($D$1+$I$1+$N$1+$S$1+$X$1) -> 0.0020337527 | AC32: =(E32+J32+O32+T32+Y32)/(AA32) -> 0.5
A33: Singed | B33: 3 | C33: 6 | D33: 4 | E33: 2 | H33: 1 | M33: 1 | R33: 1 | W33: 1 | AA33: =B33+G33+L33+Q33+V33 -> 3 | AB33: =(AA33+(B33/C33*D33+G33/H33*I33+L33/M33*N33+Q33/R33*S33+V33/W33*X33))/($D$1+$I$1+$N$1+$S$1+$X$1) -> 0.0017053206 | AC33: =(E33+J33+O33+T33+Y33)/(AA33) -> 0.66666667
A34: Viktor | B34: 2 | C34: 108 | D34: 49 | E34: 0 | H34: 1 | M34: 1 | Q34: 1 | R34: 102 | S34: 65 | T34: 0 | W34: 1 | AA34: =B34+G34+L34+Q34+V34 -> 3 | AB34: =(AA34+(B34/C34*D34+G34/H34*I34+L34/M34*N34+Q34/R34*S34+V34/W34*X34))/($D$1+$I$1+$N$1+$S$1+$X$1) -> 0.0015500213 | AC34: =(E34+J34+O34+T34+Y34)/(AA34) -> 0
A35: Nautilus | B35: 2 | C35: 184 | D35: 144 | E35: 2 | H35: 1 | M35: 1 | R35: 1 | W35: 1 | AA35: =B35+G35+L35+Q35+V35 -> 2 | AB35: =(AA35+(B35/C35*D35+G35/H35*I35+L35/M35*N35+Q35/R35*S35+V35/W35*X35))/($D$1+$I$1+$N$1+$S$1+$X$1) -> 0.0012159677 | AC35: =(E35+J35+O35+T35+Y35)/(AA35) -> 1
A36: Heimerdinger | B36: 1 | C36: 9 | D36: 13 | E36: 0 | H36: 1 | M36: 1 | R36: 1 | W36: 1 | AA36: =B36+G36+L36+Q36+V36 -> 1 | AB36: =(AA36+(B36/C36*D36+G36/H36*I36+L36/M36*N36+Q36/R36*S36+V36/W36*X36))/($D$1+$I$1+$N$1+$S$1+$X$1) -> 0.00083371229 | AC36: =(E36+J36+O36+T36+Y36)/(AA36) -> 0
A37: Maokai | C37: 1 | G37: 1 | H37: 196 | I37: 282 | J37: 0 | M37: 1 | R37: 1 | W37: 1 | AA37: =B37+G37+L37+Q37+V37 -> 1 | AB37: =(AA37+(B37/C37*D37+G37/H37*I37+L37/M37*N37+Q37/R37*S37+V37/W37*X37))/($D$1+$I$1+$N$1+$S$1+$X$1) -> 0.00083177882 | AC37: =(E37+J37+O37+T37+Y37)/(AA37) -> 0
A38: Karthus | B38: 1 | C38: 5 | D38: 7 | E38: 0 | H38: 1 | M38: 1 | R38: 1 | W38: 1 | AA38: =B38+G38+L38+Q38+V38 -> 1 | AB38: =(AA38+(B38/C38*D38+G38/H38*I38+L38/M38*N38+Q38/R38*S38+V38/W38*X38))/($D$1+$I$1+$N$1+$S$1+$X$1) -> 0.00081855389 | AC38: =(E38+J38+O38+T38+Y38)/(AA38) -> 0
A39: Mel | C39: 1 | H39: 1 | M39: 1 | Q39: 1 | R39: 8 | S39: 9 | T39: 0 | W39: 1 | AA39: =B39+G39+L39+Q39+V39 -> 1 | AB39: =(AA39+(B39/C39*D39+G39/H39*I39+L39/M39*N39+Q39/R39*S39+V39/W39*X39))/($D$1+$I$1+$N$1+$S$1+$X$1) -> 0.00072476126 | AC39: =(E39+J39+O39+T39+Y39)/(AA39) -> 0
A40: Sion | B40: 1 | C40: 20 | D40: 2 | E40: 1 | H40: 1 | L40: 1 | M40: 7 | N40: 0 | O40: 0 | R40: 1 | W40: 1 | AA40: =B40+G40+L40+Q40+V40 -> 2 | AB40: =(AA40+(B40/C40*D40+G40/H40*I40+L40/M40*N40+Q40/R40*S40+V40/W40*X40))/($D$1+$I$1+$N$1+$S$1+$X$1) -> 0.00071623465 | AC40: =(E40+J40+O40+T40+Y40)/(AA40) -> 0.5
A41: Ornn | B41: 1 | C41: 97 | D41: 100 | E41: 1 | H41: 1 | M41: 1 | R41: 1 | W41: 1 | AA41: =B41+G41+L41+Q41+V41 -> 1 | AB41: =(AA41+(B41/C41*D41+G41/H41*I41+L41/M41*N41+Q41/R41*S41+V41/W41*X41))/($D$1+$I$1+$N$1+$S$1+$X$1) -> 0.00069267661 | AC41: =(E41+J41+O41+T41+Y41)/(AA41) -> 1
A42: Wukong | B42: 1 | C42: 147 | D42: 138 | E42: 1 | H42: 1 | M42: 1 | R42: 1 | W42: 1 | AA42: =B42+G42+L42+Q42+V42 -> 1 | AB42: =(AA42+(B42/C42*D42+G42/H42*I42+L42/M42*N42+Q42/R42*S42+V42/W42*X42))/($D$1+$I$1+$N$1+$S$1+$X$1) -> 0.00066124676 | AC42: =(E42+J42+O42+T42+Y42)/(AA42) -> 1
A43: Taliyah | C43: 1 | H43: 1 | L43: 1 | M43: 155 | N43: 140 | O43: 0 | R43: 1 | W43: 1 | AA43: =B43+G43+L43+Q43+V43 -> 1 | AB43: =(AA43+(B43/C43*D43+G43/H43*I43+L43/M43*N43+Q43/R43*S43+V43/W43*X43))/($D$1+$I$1+$N$1+$S$1+$X$1) -> 0.00064912203 | AC43: =(E43+J43+O43+T43+Y43)/(AA43) -> 0
A44: Syndra | B44: 1 | C44: 32 | D44: 27 | E44: 1 | H44: 1 | M44: 1 | R44: 1 | W44: 1 | AA44: =B44+G44+L44+Q44+V44 -> 1 | AB44: =(AA44+(B44/C44*D44+G44/H44*I44+L44/M44*N44+Q44/R44*S44+V44/W44*X44))/($D$1+$I$1+$N$1+$S$1+$X$1) -> 0.00062883697 | AC44: =(E44+J44+O44+T44+Y44)/(AA44) -> 1
A45: Amumu | B45: 1 | C45: 46 | D45: 36 | E45: 0 | H45: 1 | M45: 1 | R45: 1 | W45: 1 | AA45: =B45+G45+L45+Q45+V45 -> 1 | AB45: =(AA45+(B45/C45*D45+G45/H45*I45+L45/M45*N45+Q45/R45*S45+V45/W45*X45))/($D$1+$I$1+$N$1+$S$1+$X$1) -> 0.00060798387 | AC45: =(E45+J45+O45+T45+Y45)/(AA45) -> 0
A46: Hwei | C46: 1 | H46: 1 | L46: 1 | M46: 54 | N46: 42 | O46: 0 | R46: 1 | W46: 1 | AA46: =B46+G46+L46+Q46+V46 -> 1 | AB46: =(AA46+(B46/C46*D46+G46/H46*I46+L46/M46*N46+Q46/R46*S46+V46/W46*X46))/($D$1+$I$1+$N$1+$S$1+$X$1) -> 0.00060633621 | AC46: =(E46+J46+O46+T46+Y46)/(AA46) -> 0
A47: Sejuani | B47: 1 | C47: 123 | D47: 87 | E47: 0 | H47: 1 | M47: 1 | R47: 1 | W47: 1 | AA47: =B47+G47+L47+Q47+V47 -> 1 | AB47: =(AA47+(B47/C47*D47+G47/H47*I47+L47/M47*N47+Q47/R47*S47+V47/W47*X47))/($D$1+$I$1+$N$1+$S$1+$X$1) -> 0.0005823046 | AC47: =(E47+J47+O47+T47+Y47)/(AA47) -> 0
A48: Vladimir | B48: 1 | C48: 10 | D48: 6 | E48: 0 | H48: 1 | M48: 1 | R48: 1 | W48: 1 | AA48: =B48+G48+L48+Q48+V48 -> 1 | AB48: =(AA48+(B48/C48*D48+G48/H48*I48+L48/M48*N48+Q48/R48*S48+V48/W48*X48))/($D$1+$I$1+$N$1+$S$1+$X$1) -> 0.00054570259 | AC48: =(E48+J48+O48+T48+Y48)/(AA48) -> 0
A49: Lee Sin | B49: 1 | C49: 218 | D49: 112 | E49: 1 | H49: 1 | M49: 1 | R49: 1 | W49: 1 | AA49: =B49+G49+L49+Q49+V49 -> 1 | AB49: =(AA49+(B49/C49*D49+G49/H49*I49+L49/M49*N49+Q49/R49*S49+V49/W49*X49))/($D$1+$I$1+$N$1+$S$1+$X$1) -> 0.00051628972 | AC49: =(E49+J49+O49+T49+Y49)/(AA49) -> 1
A50: Sett | B50: 1 | C50: 27 | D50: 9 | E50: 0 | H50: 1 | M50: 1 | R50: 1 | W50: 1 | AA50: =B50+G50+L50+Q50+V50 -> 1 | AB50: =(AA50+(B50/C50*D50+G50/H50*I50+L50/M50*N50+Q50/R50*S50+V50/W50*X50))/($D$1+$I$1+$N$1+$S$1+$X$1) -> 0.00045475216 | AC50: =(E50+J50+O50+T50+Y50)/(AA50) -> 0
A51: Cho'Gath | C51: 1 | G51: 1 | H51: 4 | I51: 0 | J51: 1 | M51: 1 | R51: 1 | W51: 1 | AA51: =B51+G51+L51+Q51+V51 -> 1 | AB51: =(AA51+(B51/C51*D51+G51/H51*I51+L51/M51*N51+Q51/R51*S51+V51/W51*X51))/($D$1+$I$1+$N$1+$S$1+$X$1) -> 0.00034106412 | AC51: =(E51+J51+O51+T51+Y51)/(AA51) -> 1
C52: 1 | H52: 1 | M52: 1 | R52: 1 | W52: 1 | AA52: =B52+G52+L52+Q52+V52 -> 0 | AB52: =(AA52+(B52/C52*D52+G52/H52*I52+L52/M52*N52+Q52/R52*S52+V52/W52*X52))/($D$1+$I$1+$N$1+$S$1+$X$1) -> 0 | AC52: =(E52+J52+O52+T52+Y52)/(AA52) -> #DIV/0!
C53: 1 | H53: 1 | M53: 1 | R53: 1 | W53: 1 | AA53: =B53+G53+L53+Q53+V53 -> 0 | AB53: =(AA53+(B53/C53*D53+G53/H53*I53+L53/M53*N53+Q53/R53*S53+V53/W53*X53))/($D$1+$I$1+$N$1+$S$1+$X$1) -> 0 | AC53: =(E53+J53+O53+T53+Y53)/(AA53) -> #DIV/0!
C54: 1 | H54: 1 | M54: 1 | R54: 1 | W54: 1 | AA54: =B54+G54+L54+Q54+V54 -> 0 | AB54: =(AA54+(B54/C54*D54+G54/H54*I54+L54/M54*N54+Q54/R54*S54+V54/W54*X54))/($D$1+$I$1+$N$1+$S$1+$X$1) -> 0 | AC54: =(E54+J54+O54+T54+Y54)/(AA54) -> #DIV/0!
C55: 1 | H55: 1 | M55: 1 | R55: 1 | W55: 1 | AA55: =B55+G55+L55+Q55+V55 -> 0 | AB55: =(AA55+(B55/C55*D55+G55/H55*I55+L55/M55*N55+Q55/R55*S55+V55/W55*X55))/($D$1+$I$1+$N$1+$S$1+$X$1) -> 0 | AC55: =(E55+J55+O55+T55+Y55)/(AA55) -> #DIV/0!
C56: 1 | H56: 1 | M56: 1 | R56: 1 | W56: 1 | AA56: =B56+G56+L56+Q56+V56 -> 0 | AB56: =(AA56+(B56/C56*D56+G56/H56*I56+L56/M56*N56+Q56/R56*S56+V56/W56*X56))/($D$1+$I$1+$N$1+$S$1+$X$1) -> 0 | AC56: =(E56+J56+O56+T56+Y56)/(AA56) -> #DIV/0!
C57: 1 | H57: 1 | M57: 1 | R57: 1 | W57: 1 | AA57: =B57+G57+L57+Q57+V57 -> 0 | AB57: =(AA57+(B57/C57*D57+G57/H57*I57+L57/M57*N57+Q57/R57*S57+V57/W57*X57))/($D$1+$I$1+$N$1+$S$1+$X$1) -> 0 | AC57: =(E57+J57+O57+T57+Y57)/(AA57) -> #DIV/0!
C58: 1 | H58: 1 | M58: 1 | R58: 1 | W58: 1 | AA58: =B58+G58+L58+Q58+V58 -> 0 | AB58: =(AA58+(B58/C58*D58+G58/H58*I58+L58/M58*N58+Q58/R58*S58+V58/W58*X58))/($D$1+$I$1+$N$1+$S$1+$X$1) -> 0 | AC58: =(E58+J58+O58+T58+Y58)/(AA58) -> #DIV/0!
C59: 1 | H59: 1 | M59: 1 | R59: 1 | W59: 1 | AA59: =B59+G59+L59+Q59+V59 -> 0 | AB59: =(AA59+(B59/C59*D59+G59/H59*I59+L59/M59*N59+Q59/R59*S59+V59/W59*X59))/($D$1+$I$1+$N$1+$S$1+$X$1) -> 0 | AC59: =(E59+J59+O59+T59+Y59)/(AA59) -> #DIV/0!
C60: 1 | H60: 1 | M60: 1 | R60: 1 | W60: 1 | AA60: =B60+G60+L60+Q60+V60 -> 0 | AB60: =(AA60+(B60/C60*D60+G60/H60*I60+L60/M60*N60+Q60/R60*S60+V60/W60*X60))/($D$1+$I$1+$N$1+$S$1+$X$1) -> 0 | AC60: =(E60+J60+O60+T60+Y60)/(AA60) -> #DIV/0!
C61: 1 | H61: 1 | M61: 1 | R61: 1 | W61: 1 | AA61: =B61+G61+L61+Q61+V61 -> 0 | AB61: =(AA61+(B61/C61*D61+G61/H61*I61+L61/M61*N61+Q61/R61*S61+V61/W61*X61))/($D$1+$I$1+$N$1+$S$1+$X$1) -> 0 | AC61: =(E61+J61+O61+T61+Y61)/(AA61) -> #DIV/0!
C62: 1 | H62: 1 | M62: 1 | R62: 1 | W62: 1 | AA62: =B62+G62+L62+Q62+V62 -> 0 | AB62: =(AA62+(B62/C62*D62+G62/H62*I62+L62/M62*N62+Q62/R62*S62+V62/W62*X62))/($D$1+$I$1+$N$1+$S$1+$X$1) -> 0 | AC62: =(E62+J62+O62+T62+Y62)/(AA62) -> #DIV/0!
C63: 1 | H63: 1 | M63: 1 | R63: 1 | W63: 1 | AA63: =B63+G63+L63+Q63+V63 -> 0 | AB63: =(AA63+(B63/C63*D63+G63/H63*I63+L63/M63*N63+Q63/R63*S63+V63/W63*X63))/($D$1+$I$1+$N$1+$S$1+$X$1) -> 0 | AC63: =(E63+J63+O63+T63+Y63)/(AA63) -> #DIV/0!
... C72: 1 | H72: 1 | M72: 1 | R72: 1 | W72: 1 | AA72: =B72+G72+L72+Q72+V72 -> 0 | AB72: =(AA72+(B72/C72*D72+G72/H72*I72+L72/M72*N72+Q72/R72*S72+V72/W72*X72))/($D$1+$I$1+$N$1+$S$1+$X$1) -> 0 | AC72: =(E72+J72+O72+T72+Y72)/(AA72) -> #DIV/0!

Sheet Support
A1: Support | B1: 2022 | C1: Games: | D1: 686 | G1: 2023 | H1: Games: | I1: 688 | L1: 2024 | M1: Games: | N1: 679 | Q1: 2025 | R1: Games: | S1: 754 | V1: 2026 | W1: Games: | X1: 125
A2: Champion | B2: Picks | C2: Total | D2: Bans | E2: Wins | G2: Picks | H2: Total | I2: Bans | J2: Wins | L2: Picks | M2: Total | N2: Bans | O2: Wins | Q2: Picks | R2: Total | S2: Bans | T2: Wins | V2: Picks | W2: Total | X2: Bans | Y2: Wins | AA2: Total Picks | AB2: Pickrate | AC2: Winrate
A3: Nautilus | B3: 182 | C3: 184 | D3: 144 | E3: 85 | G3: 118 | H3: 139 | I3: 130 | J3: 56 | L3: 162 | M3: 163 | N3: 165 | O3: 72 | Q3: 130 | R3: 130 | S3: 101 | T3: 55 | V3: 20 | W3: 21 | X3: 37 | Y3: 10 | AA3: =B3+G3+L3+Q3+V3 -> 612 | AB3: =(AA3+(B3/C3*D3+G3/H3*I3+L3/M3*N3+Q3/R3*S3+V3/W3*X3))/($D$1+$I$1+$N$1+$S$1+$X$1) -> 0.39734663 | AC3: =(E3+J3+O3+T3+Y3)/(AA3) -> 0.45424837
A4: Rakan | B4: 92 | C4: 92 | D4: 82 | E4: 48 | G4: 207 | H4: 207 | I4: 150 | J4: 116 | L4: 143 | M4: 143 | N4: 111 | O4: 70 | Q4: 165 | R4: 165 | S4: 167 | T4: 88 | V4: 24 | W4: 24 | X4: 9 | Y4: 15 | AA4: =B4+G4+L4+Q4+V4 -> 631 | AB4: =(AA4+(B4/C4*D4+G4/H4*I4+L4/M4*N4+Q4/R4*S4+V4/W4*X4))/($D$1+$I$1+$N$1+$S$1+$X$1) -> 0.39222374 | AC4: =(E4+J4+O4+T4+Y4)/(AA4) -> 0.5340729
A5: Alistar | B5: 44 | C5: 44 | D5: 35 | E5: 18 | G5: 96 | H5: 96 | I5: 87 | J5: 43 | L5: 130 | M5: 130 | N5: 89 | O5: 72 | Q5: 182 | R5: 182 | S5: 208 | T5: 94 | V5: 22 | W5: 22 | X5: 14 | Y5: 8 | AA5: =B5+G5+L5+Q5+V5 -> 474 | AB5: =(AA5+(B5/C5*D5+G5/H5*I5+L5/M5*N5+Q5/R5*S5+V5/W5*X5))/($D$1+$I$1+$N$1+$S$1+$X$1) -> 0.30934516 | AC5: =(E5+J5+O5+T5+Y5)/(AA5) -> 0.49578059
A6: Leona | B6: 164 | C6: 164 | D6: 72 | E6: 74 | G6: 57 | H6: 57 | I6: 12 | J6: 24 | L6: 132 | M6: 132 | N6: 107 | O6: 63 | Q6: 133 | R6: 133 | S6: 52 | T6: 61 | V6: 12 | W6: 12 | X6: 10 | Y6: 5 | AA6: =B6+G6+L6+Q6+V6 -> 498 | AB6: =(AA6+(B6/C6*D6+G6/H6*I6+L6/M6*N6+Q6/R6*S6+V6/W6*X6))/($D$1+$I$1+$N$1+$S$1+$X$1) -> 0.25613915 | AC6: =(E6+J6+O6+T6+Y6)/(AA6) -> 0.45582329
A7: Rell | B7: 27 | C7: 27 | D7: 9 | E7: 13 | G7: 111 | H7: 150 | I7: 83 | J7: 53 | L7: 169 | M7: 222 | N7: 110 | O7: 81 | Q7: 167 | R7: 167 | S7: 54 | T7: 85 | V7: 13 | W7: 13 | X7: 6 | Y7: 6 | AA7: =B7+G7+L7+Q7+V7 -> 487 | AB7: =(AA7+(B7/C7*D7+G7/H7*I7+L7/M7*N7+Q7/R7*S7+V7/W7*X7))/($D$1+$I$1+$N$1+$S$1+$X$1) -> 0.23914009 | AC7: =(E7+J7+O7+T7+Y7)/(AA7) -> 0.48870637
A8: Renata Glasc | B8: 114 | C8: 114 | D8: 123 | E8: 67 | G8: 33 | H8: 33 | I8: 49 | J8: 23 | L8: 81 | M8: 81 | N8: 99 | O8: 37 | Q8: 69 | R8: 69 | S8: 59 | T8: 30 | V8: 13 | W8: 13 | X8: 6 | Y8: 5 | AA8: =B8+G8+L8+Q8+V8 -> 310 | AB8: =(AA8+(B8/C8*D8+G8/H8*I8+L8/M8*N8+Q8/R8*S8+V8/W8*X8))/($D$1+$I$1+$N$1+$S$1+$X$1) -> 0.22032742 | AC8: =(E8+J8+O8+T8+Y8)/(AA8) -> 0.52258065
A9: Lulu | B9: 74 | C9: 74 | D9: 29 | E9: 32 | G9: 144 | H9: 144 | I9: 62 | J9: 69 | L9: 35 | M9: 35 | N9: 29 | O9: 15 | Q9: 35 | R9: 35 | S9: 62 | T9: 16 | V9: 20 | W9: 20 | X9: 22 | Y9: 9 | AA9: =B9+G9+L9+Q9+V9 -> 308 | AB9: =(AA9+(B9/C9*D9+G9/H9*I9+L9/M9*N9+Q9/R9*S9+V9/W9*X9))/($D$1+$I$1+$N$1+$S$1+$X$1) -> 0.17462483 | AC9: =(E9+J9+O9+T9+Y9)/(AA9) -> 0.45779221
A10: Braum | B10: 35 | C10: 35 | D10: 8 | E10: 16 | G10: 48 | H10: 48 | I10: 22 | J10: 19 | L10: 47 | M10: 47 | N10: 50 | O10: 21 | Q10: 130 | R10: 130 | S10: 116 | T10: 69 | V10: 13 | W10: 13 | X10: 6 | Y10: 4 | AA10: =B10+G10+L10+Q10+V10 -> 273 | AB10: =(AA10+(B10/C10*D10+G10/H10*I10+L10/M10*N10+Q10/R10*S10+V10/W10*X10))/($D$1+$I$1+$N$1+$S$1+$X$1) -> 0.16200546 | AC10: =(E10+J10+O10+T10+Y10)/(AA10) -> 0.47252747
A11: Yuumi | B11: 96 | C11: 96 | D11: 218 | E11: 58 | G11: 60 | H11: 60 | I11: 80 | J11: 26 | L11: 5 | M11: 5 | N11: 1 | O11: 1 | Q11: 4 | R11: 4 | S11: 0 | T11: 1 | V11: 3 | W11: 3 | X11: 0 | Y11: 1 | AA11: =B11+G11+L11+Q11+V11 -> 168 | AB11: =(AA11+(B11/C11*D11+G11/H11*I11+L11/M11*N11+Q11/R11*S11+V11/W11*X11))/($D$1+$I$1+$N$1+$S$1+$X$1) -> 0.15927694 | AC11: =(E11+J11+O11+T11+Y11)/(AA11) -> 0.51785714
A12: Karma | B12: 74 | C12: 75 | D12: 137 | E12: 29 | G12: 61 | H12: 65 | I12: 56 | J12: 25 | L12: 11 | M12: 47 | N12: 37 | O12: 5 | Q12: 41 | R12: 42 | S12: 40 | T12: 19 | V12: 13 | W12: 13 | X12: 16 | Y12: 7 | AA12: =B12+G12+L12+Q12+V12 -> 200 | AB12: =(AA12+(B12/C12*D12+G12/H12*I12+L12/M12*N12+Q12/R12*S12+V12/W12*X12))/($D$1+$I$1+$N$1+$S$1+$X$1) -> 0.15396807 | AC12: =(E12+J12+O12+T12+Y12)/(AA12) -> 0.425
A13: Neeko | C13: 1 | G13: 1 | H13: 54 | I13: 244 | J13: 0 | L13: 24 | M13: 40 | N13: 35 | O13: 15 | Q13: 120 | R13: 121 | S13: 166 | T13: 62 | V13: 23 | W13: 23 | X13: 57 | Y13: 15 | AA13: =B13+G13+L13+Q13+V13 -> 168 | AB13: =(AA13+(B13/C13*D13+G13/H13*I13+L13/M13*N13+Q13/R13*S13+V13/W13*X13))/($D$1+$I$1+$N$1+$S$1+$X$1) -> 0.14159162 | AC13: =(E13+J13+O13+T13+Y13)/(AA13) -> 0.54761905
A14: Poppy | C14: 1 | H14: 1 | L14: 38 | M14: 118 | N14: 148 | O14: 18 | Q14: 80 | R14: 133 | S14: 301 | T14: 51 | V14: 6 | W14: 7 | X14: 28 | Y14: 2 | AA14: =B14+G14+L14+Q14+V14 -> 124 | AB14: =(AA14+(B14/C14*D14+G14/H14*I14+L14/M14*N14+Q14/R14*S14+V14/W14*X14))/($D$1+$I$1+$N$1+$S$1+$X$1) -> 0.12848351 | AC14: =(E14+J14+O14+T14+Y14)/(AA14) -> 0.57258065
A15: Ashe | B15: 7 | C15: 23 | D15: 10 | E15: 4 | G15: 34 | H15: 64 | I15: 197 | J15: 18 | L15: 38 | M15: 122 | N15: 374 | O15: 20 | Q15: 2 | R15: 71 | S15: 66 | T15: 1 | W15: 1 | AA15: =B15+G15+L15+Q15+V15 -> 81 | AB15: =(AA15+(B15/C15*D15+G15/H15*I15+L15/M15*N15+Q15/R15*S15+V15/W15*X15))/($D$1+$I$1+$N$1+$S$1+$X$1) -> 0.10472397 | AC15: =(E15+J15+O15+T15+Y15)/(AA15) -> 0.5308642
A16: Nami | B16: 73 | C16: 73 | D16: 1 | E16: 36 | G16: 87 | H16: 87 | I16: 1 | J16: 48 | L16: 82 | M16: 82 | N16: 2 | O16: 49 | Q16: 14 | R16: 14 | S16: 1 | T16: 3 | V16: 15 | W16: 15 | X16: 13 | Y16: 6 | AA16: =B16+G16+L16+Q16+V16 -> 271 | AB16: =(AA16+(B16/C16*D16+G16/H16*I16+L16/M16*N16+Q16/R16*S16+V16/W16*X16))/($D$1+$I$1+$N$1+$S$1+$X$1) -> 0.098567531 | AC16: =(E16+J16+O16+T16+Y16)/(AA16) -> 0.52398524
A17: Tahm Kench | B17: 99 | C17: 122 | D17: 75 | E17: 56 | G17: 21 | H17: 27 | I17: 10 | J17: 6 | L17: 52 | M17: 52 | N17: 10 | O17: 30 | Q17: 17 | R17: 17 | S17: 11 | T17: 8 | V17: 1 | W17: 1 | X17: 0 | Y17: 0 | AA17: =B17+G17+L17+Q17+V17 -> 190 | AB17: =(AA17+(B17/C17*D17+G17/H17*I17+L17/M17*N17+Q17/R17*S17+V17/W17*X17))/($D$1+$I$1+$N$1+$S$1+$X$1) -> 0.095374636 | AC17: =(E17+J17+O17+T17+Y17)/(AA17) -> 0.52631579
A18: Bard | B18: 8 | C18: 8 | D18: 4 | E18: 5 | G18: 6 | H18: 6 | I18: 2 | J18: 4 | L18: 18 | M18: 18 | N18: 12 | O18: 12 | Q18: 59 | R18: 59 | S18: 92 | T18: 32 | V18: 17 | W18: 17 | X18: 43 | Y18: 10 | AA18: =B18+G18+L18+Q18+V18 -> 108 | AB18: =(AA18+(B18/C18*D18+G18/H18*I18+L18/M18*N18+Q18/R18*S18+V18/W18*X18))/($D$1+$I$1+$N$1+$S$1+$X$1) -> 0.089017735 | AC18: =(E18+J18+O18+T18+Y18)/(AA18) -> 0.58333333
A19: Milio | C19: 1 | G19: 52 | H19: 52 | I19: 76 | J19: 27 | L19: 46 | M19: 46 | N19: 19 | O19: 18 | Q19: 4 | R19: 4 | S19: 0 | T19: 0 | V19: 4 | W19: 4 | X19: 0 | Y19: 2 | AA19: =B19+G19+L19+Q19+V19 -> 106 | AB19: =(AA19+(B19/C19*D19+G19/H19*I19+L19/M19*N19+Q19/R19*S19+V19/W19*X19))/($D$1+$I$1+$N$1+$S$1+$X$1) -> 0.068553888 | AC19: =(E19+J19+O19+T19+Y19)/(AA19) -> 0.44339623
A20: Senna | B20: 50 | C20: 51 | D20: 60 | E20: 23 | G20: 11 | H20: 11 | I20: 7 | J20: 7 | L20: 15 | M20: 115 | N20: 297 | O20: 5 | Q20: 1 | R20: 45 | S20: 36 | T20: 1 | W20: 1 | AA20: =B20+G20+L20+Q20+V20 -> 77 | AB20: =(AA20+(B20/C20*D20+G20/H20*I20+L20/M20*N20+Q20/R20*S20+V20/W20*X20))/($D$1+$I$1+$N$1+$S$1+$X$1) -> 0.06219736 | AC20: =(E20+J20+O20+T20+Y20)/(AA20) -> 0.46753247
A21: Thresh | B21: 45 | C21: 45 | D21: 35 | E21: 25 | G21: 33 | H21: 33 | I21: 24 | J21: 19 | L21: 6 | M21: 6 | N21: 2 | O21: 2 | Q21: 9 | R21: 9 | S21: 2 | T21: 3 | V21: 10 | W21: 10 | X21: 0 | Y21: 6 | AA21: =B21+G21+L21+Q21+V21 -> 103 | AB21: =(AA21+(B21/C21*D21+G21/H21*I21+L21/M21*N21+Q21/R21*S21+V21/W21*X21))/($D$1+$I$1+$N$1+$S$1+$X$1) -> 0.056616644 | AC21: =(E21+J21+O21+T21+Y21)/(AA21) -> 0.53398058
A22: Blitzcrank | B22: 6 | C22: 6 | D22: 2 | E22: 2 | G22: 32 | H22: 32 | I22: 53 | J22: 18 | L22: 12 | M22: 12 | N22: 10 | O22: 10 | Q22: 23 | R22: 23 | S22: 12 | T22: 15 | V22: 2 | W22: 2 | X22: 4 | Y22: 1 | AA22: =B22+G22+L22+Q22+V22 -> 75 | AB22: =(AA22+(B22/C22*D22+G22/H22*I22+L22/M22*N22+Q22/R22*S22+V22/W22*X22))/($D$1+$I$1+$N$1+$S$1+$X$1) -> 0.053206003 | AC22: =(E22+J22+O22+T22+Y22)/(AA22) -> 0.61333333
A23: Elise | C23: 1 | H23: 1 | M23: 1 | Q23: 42 | R23: 42 | S23: 54 | T23: 20 | V23: 3 | W23: 3 | X23: 2 | Y23: 2 | AA23: =B23+G23+L23+Q23+V23 -> 45 | AB23: =(AA23+(B23/C23*D23+G23/H23*I23+L23/M23*N23+Q23/R23*S23+V23/W23*X23))/($D$1+$I$1+$N$1+$S$1+$X$1) -> 0.034447476 | AC23: =(E23+J23+O23+T23+Y23)/(AA23) -> 0.48888889
A24: Maokai | B24: 2 | C24: 43 | D24: 48 | E24: 2 | G24: 12 | H24: 195 | I24: 282 | J24: 7 | L24: 21 | M24: 164 | N24: 207 | O24: 12 | Q24: 9 | R24: 60 | S24: 61 | T24: 5 | W24: 1 | AA24: =B24+G24+L24+Q24+V24 -> 44 | AB24: =(AA24+(B24/C24*D24+G24/H24*I24+L24/M24*N24+Q24/R24*S24+V24/W24*X24))/($D$1+$I$1+$N$1+$S$1+$X$1) -> 0.033848057 | AC24: =(E24+J24+O24+T24+Y24)/(AA24) -> 0.59090909
A25: Heimerdinger | B25: 8 | C25: 9 | D25: 13 | E25: 4 | G25: 47 | H25: 47 | I25: 26 | J25: 24 | M25: 1 | R25: 1 | W25: 1 | AA25: =B25+G25+L25+Q25+V25 -> 55 | AB25: =(AA25+(B25/C25*D25+G25/H25*I25+L25/M25*N25+Q25/R25*S25+V25/W25*X25))/($D$1+$I$1+$N$1+$S$1+$X$1) -> 0.031567379 | AC25: =(E25+J25+O25+T25+Y25)/(AA25) -> 0.50909091
A26: Amumu | B26: 45 | C26: 46 | D26: 36 | E26: 24 | G26: 3 | H26: 3 | I26: 1 | J26: 1 | M26: 1 | R26: 1 | W26: 1 | AA26: =B26+G26+L26+Q26+V26 -> 48 | AB26: =(AA26+(B26/C26*D26+G26/H26*I26+L26/M26*N26+Q26/R26*S26+V26/W26*X26))/($D$1+$I$1+$N$1+$S$1+$X$1) -> 0.02872353 | AC26: =(E26+J26+O26+T26+Y26)/(AA26) -> 0.52083333
A27: Pyke | B27: 14 | C27: 14 | D27: 21 | E27: 10 | G27: 3 | H27: 3 | I27: 7 | J27: 1 | L27: 8 | M27: 8 | N27: 4 | O27: 3 | Q27: 9 | R27: 9 | S27: 9 | T27: 5 | W27: 1 | AA27: =B27+G27+L27+Q27+V27 -> 34 | AB27: =(AA27+(B27/C27*D27+G27/H27*I27+L27/M27*N27+Q27/R27*S27+V27/W27*X27))/($D$1+$I$1+$N$1+$S$1+$X$1) -> 0.025579809 | AC27: =(E27+J27+O27+T27+Y27)/(AA27) -> 0.55882353
A28: Lux | B28: 25 | C28: 25 | D28: 5 | E28: 13 | G28: 28 | H28: 28 | I28: 2 | J28: 17 | L28: 4 | M28: 4 | N28: 0 | O28: 3 | Q28: 1 | R28: 1 | S28: 0 | T28: 1 | W28: 1 | AA28: =B28+G28+L28+Q28+V28 -> 58 | AB28: =(AA28+(B28/C28*D28+G28/H28*I28+L28/M28*N28+Q28/R28*S28+V28/W28*X28))/($D$1+$I$1+$N$1+$S$1+$X$1) -> 0.022169168 | AC28: =(E28+J28+O28+T28+Y28)/(AA28) -> 0.5862069
A29: Caitlyn | C29: 1 | G29: 9 | H29: 50 | I29: 197 | J29: 6 | M29: 1 | R29: 1 | W29: 1 | AA29: =B29+G29+L29+Q29+V29 -> 9 | AB29: =(AA29+(B29/C29*D29+G29/H29*I29+L29/M29*N29+Q29/R29*S29+V29/W29*X29))/($D$1+$I$1+$N$1+$S$1+$X$1) -> 0.015163711 | AC29: =(E29+J29+O29+T29+Y29)/(AA29) -> 0.66666667
A30: Shen | B30: 6 | C30: 7 | D30: 0 | E30: 4 | H30: 1 | L30: 2 | M30: 2 | N30: 0 | O30: 0 | Q30: 14 | R30: 17 | S30: 24 | T30: 6 | V30: 1 | W30: 1 | X30: 0 | Y30: 1 | AA30: =B30+G30+L30+Q30+V30 -> 23 | AB30: =(AA30+(B30/C30*D30+G30/H30*I30+L30/M30*N30+Q30/R30*S30+V30/W30*X30))/($D$1+$I$1+$N$1+$S$1+$X$1) -> 0.014585507 | AC30: =(E30+J30+O30+T30+Y30)/(AA30) -> 0.47826087
A31: Pantheon | B31: 1 | C31: 3 | D31: 6 | E31: 0 | G31: 1 | H31: 1 | I31: 0 | J31: 0 | M31: 1 | Q31: 11 | R31: 122 | S31: 226 | T31: 4 | V31: 3 | W31: 30 | X31: 30 | Y31: 1 | AA31: =B31+G31+L31+Q31+V31 -> 16 | AB31: =(AA31+(B31/C31*D31+G31/H31*I31+L31/M31*N31+Q31/R31*S31+V31/W31*X31))/($D$1+$I$1+$N$1+$S$1+$X$1) -> 0.014112227 | AC31: =(E31+J31+O31+T31+Y31)/(AA31) -> 0.3125
A32: Rumble | B32: 1 | C32: 7 | D32: 1 | E32: 1 | H32: 1 | L32: 11 | M32: 121 | N32: 314 | O32: 5 | R32: 1 | W32: 1 | AA32: =B32+G32+L32+Q32+V32 -> 12 | AB32: =(AA32+(B32/C32*D32+G32/H32*I32+L32/M32*N32+Q32/R32*S32+V32/W32*X32))/($D$1+$I$1+$N$1+$S$1+$X$1) -> 0.013877323 | AC32: =(E32+J32+O32+T32+Y32)/(AA32) -> 0.5
A33: Annie | C33: 1 | G33: 11 | H33: 107 | I33: 247 | J33: 8 | L33: 2 | M33: 10 | N33: 1 | O33: 1 | R33: 1 | W33: 1 | AA33: =B33+G33+L33+Q33+V33 -> 13 | AB33: =(AA33+(B33/C33*D33+G33/H33*I33+L33/M33*N33+Q33/R33*S33+V33/W33*X33))/($D$1+$I$1+$N$1+$S$1+$X$1) -> 0.013162525 | AC33: =(E33+J33+O33+T33+Y33)/(AA33) -> 0.69230769
A34: Seraphine | B34: 3 | C34: 31 | D34: 39 | E34: 1 | G34: 1 | H34: 2 | I34: 2 | J34: 1 | L34: 8 | M34: 19 | N34: 5 | O34: 1 | Q34: 5 | R34: 5 | S34: 3 | T34: 3 | V34: 9 | W34: 9 | X34: 0 | Y34: 7 | AA34: =B34+G34+L34+Q34+V34 -> 26 | AB34: =(AA34+(B34/C34*D34+G34/H34*I34+L34/M34*N34+Q34/R34*S34+V34/W34*X34))/($D$1+$I$1+$N$1+$S$1+$X$1) -> 0.012237195 | AC34: =(E34+J34+O34+T34+Y34)/(AA34) -> 0.5
A35: Sett | B35: 21 | C35: 27 | D35: 9 | E35: 11 | G35: 4 | H35: 6 | I35: 1 | J35: 3 | M35: 1 | Q35: 2 | R35: 6 | S35: 2 | T35: 2 | W35: 1 | AA35: =B35+G35+L35+Q35+V35 -> 27 | AB35: =(AA35+(B35/C35*D35+G35/H35*I35+L35/M35*N35+Q35/R35*S35+V35/W35*X35))/($D$1+$I$1+$N$1+$S$1+$X$1) -> 0.012050932 | AC35: =(E35+J35+O35+T35+Y35)/(AA35) -> 0.59259259
A36: Kalista | C36: 1 | G36: 7 | H36: 29 | I36: 61 | J36: 4 | L36: 4 | M36: 148 | N36: 338 | O36: 3 | R36: 1 | W36: 1 | AA36: =B36+G36+L36+Q36+V36 -> 11 | AB36: =(AA36+(B36/C36*D36+G36/H36*I36+L36/M36*N36+Q36/R36*S36+V36/W36*X36))/($D$1+$I$1+$N$1+$S$1+$X$1) -> 0.011889247 | AC36: =(E36+J36+O36+T36+Y36)/(AA36) -> 0.63636364
A37: Soraka | B37: 12 | C37: 12 | D37: 4 | E37: 6 | G37: 9 | H37: 9 | I37: 1 | J37: 1 | L37: 1 | M37: 1 | N37: 0 | O37: 1 | Q37: 3 | R37: 3 | S37: 0 | T37: 1 | V37: 1 | W37: 1 | X37: 0 | Y37: 0 | AA37: =B37+G37+L37+Q37+V37 -> 26 | AB37: =(AA37+(B37/C37*D37+G37/H37*I37+L37/M37*N37+Q37/R37*S37+V37/W37*X37))/($D$1+$I$1+$N$1+$S$1+$X$1) -> 0.010572988 | AC37: =(E37+J37+O37+T37+Y37)/(AA37) -> 0.34615385
A38: Ornn | C38: 1 | H38: 1 | L38: 25 | M38: 41 | N38: 6 | O38: 21 | Q38: 1 | R38: 60 | S38: 44 | T38: 0 | W38: 1 | AA38: =B38+G38+L38+Q38+V38 -> 26 | AB38: =(AA38+(B38/C38*D38+G38/H38*I38+L38/M38*N38+Q38/R38*S38+V38/W38*X38))/($D$1+$I$1+$N$1+$S$1+$X$1) -> 0.010365576 | AC38: =(E38+J38+O38+T38+Y38)/(AA38) -> 0.80769231
A39: Gragas | B39: 8 | C39: 108 | D39: 38 | E39: 5 | G39: 1 | H39: 118 | I39: 77 | J39: 1 | M39: 1 | Q39: 9 | R39: 32 | S39: 12 | T39: 5 | W39: 1 | AA39: =B39+G39+L39+Q39+V39 -> 18 | AB39: =(AA39+(B39/C39*D39+G39/H39*I39+L39/M39*N39+Q39/R39*S39+V39/W39*X39))/($D$1+$I$1+$N$1+$S$1+$X$1) -> 0.0084728367 | AC39: =(E39+J39+O39+T39+Y39)/(AA39) -> 0.61111111
A40: Camille | B40: 1 | C40: 58 | D40: 44 | E40: 0 | H40: 1 | L40: 4 | M40: 38 | N40: 26 | O40: 1 | Q40: 3 | R40: 34 | S40: 18 | T40: 2 | W40: 1 | AA40: =B40+G40+L40+Q40+V40 -> 8 | AB40: =(AA40+(B40/C40*D40+G40/H40*I40+L40/M40*N40+Q40/R40*S40+V40/W40*X40))/($D$1+$I$1+$N$1+$S$1+$X$1) -> 0.00446238 | AC40: =(E40+J40+O40+T40+Y40)/(AA40) -> 0.375
A41: Zilean | B41: 6 | C41: 11 | D41: 3 | E41: 2 | G41: 2 | H41: 2 | I41: 1 | J41: 0 | L41: 1 | M41: 1 | N41: 0 | O41: 0 | R41: 1 | W41: 1 | AA41: =B41+G41+L41+Q41+V41 -> 9 | AB41: =(AA41+(B41/C41*D41+G41/H41*I41+L41/M41*N41+Q41/R41*S41+V41/W41*X41))/($D$1+$I$1+$N$1+$S$1+$X$1) -> 0.0039687461 | AC41: =(E41+J41+O41+T41+Y41)/(AA41) -> 0.22222222
A42: Taric | B42: 4 | C42: 4 | D42: 1 | E42: 1 | G42: 1 | H42: 1 | I42: 0 | J42: 1 | L42: 2 | M42: 2 | N42: 0 | O42: 1 | Q42: 3 | R42: 3 | S42: 0 | T42: 1 | W42: 1 | AA42: =B42+G42+L42+Q42+V42 -> 10 | AB42: =(AA42+(B42/C42*D42+G42/H42*I42+L42/M42*N42+Q42/R42*S42+V42/W42*X42))/($D$1+$I$1+$N$1+$S$1+$X$1) -> 0.0037517053 | AC42: =(E42+J42+O42+T42+Y42)/(AA42) -> 0.4
A43: Hwei | C43: 1 | H43: 1 | L43: 6 | M43: 54 | N43: 42 | O43: 5 | R43: 1 | W43: 1 | AA43: =B43+G43+L43+Q43+V43 -> 6 | AB43: =(AA43+(B43/C43*D43+G43/H43*I43+L43/M43*N43+Q43/R43*S43+V43/W43*X43))/($D$1+$I$1+$N$1+$S$1+$X$1) -> 0.0036380173 | AC43: =(E43+J43+O43+T43+Y43)/(AA43) -> 0.83333333
A44: Galio | B44: 2 | C44: 63 | D44: 35 | E44: 0 | G44: 2 | H44: 8 | I44: 4 | J44: 0 | L44: 1 | M44: 12 | N44: 3 | O44: 1 | Q44: 2 | R44: 113 | S44: 70 | T44: 2 | W44: 1 | AA44: =B44+G44+L44+Q44+V44 -> 7 | AB44: =(AA44+(B44/C44*D44+G44/H44*I44+L44/M44*N44+Q44/R44*S44+V44/W44*X44))/($D$1+$I$1+$N$1+$S$1+$X$1) -> 0.0036152964 | AC44: =(E44+J44+O44+T44+Y44)/(AA44) -> 0.42857143
A45: Morgana | B45: 4 | C45: 9 | D45: 2 | E45: 1 | G45: 2 | H45: 2 | I45: 0 | J45: 0 | M45: 1 | Q45: 3 | R45: 6 | S45: 1 | T45: 1 | W45: 1 | AA45: =B45+G45+L45+Q45+V45 -> 9 | AB45: =(AA45+(B45/C45*D45+G45/H45*I45+L45/M45*N45+Q45/R45*S45+V45/W45*X45))/($D$1+$I$1+$N$1+$S$1+$X$1) -> 0.0035432772 | AC45: =(E45+J45+O45+T45+Y45)/(AA45) -> 0.22222222
A46: Jarvan IV | B46: 3 | C46: 60 | D46: 60 | E46: 1 | G46: 2 | H46: 45 | I46: 51 | J46: 2 | M46: 1 | R46: 1 | W46: 1 | AA46: =B46+G46+L46+Q46+V46 -> 5 | AB46: =(AA46+(B46/C46*D46+G46/H46*I46+L46/M46*N46+Q46/R46*S46+V46/W46*X46))/($D$1+$I$1+$N$1+$S$1+$X$1) -> 0.0035015916 | AC46: =(E46+J46+O46+T46+Y46)/(AA46) -> 0.6
A47: Sejuani | B47: 2 | C47: 123 | D47: 97 | E47: 1 | H47: 1 | L47: 3 | M47: 226 | N47: 209 | O47: 2 | R47: 1 | W47: 1 | AA47: =B47+G47+L47+Q47+V47 -> 5 | AB47: =(AA47+(B47/C47*D47+G47/H47*I47+L47/M47*N47+Q47/R47*S47+V47/W47*X47))/($D$1+$I$1+$N$1+$S$1+$X$1) -> 0.0031894857 | AC47: =(E47+J47+O47+T47+Y47)/(AA47) -> 0.6
A48: Sona | B48: 3 | C48: 3 | D48: 0 | E48: 1 | G48: 4 | H48: 4 | I48: 0 | J48: 2 | L48: 1 | M48: 1 | N48: 0 | O48: 0 | R48: 1 | V48: 1 | W48: 1 | X48: 0 | Y48: 1 | AA48: =B48+G48+L48+Q48+V48 -> 9 | AB48: =(AA48+(B48/C48*D48+G48/H48*I48+L48/M48*N48+Q48/R48*S48+V48/W48*X48))/($D$1+$I$1+$N$1+$S$1+$X$1) -> 0.0030695771 | AC48: =(E48+J48+O48+T48+Y48)/(AA48) -> 0.44444444
A49: Janna | B49: 1 | C49: 1 | D49: 1 | E49: 1 | G49: 3 | H49: 3 | I49: 0 | J49: 2 | M49: 1 | Q49: 2 | R49: 2 | S49: 0 | T49: 1 | W49: 1 | AA49: =B49+G49+L49+Q49+V49 -> 6 | AB49: =(AA49+(B49/C49*D49+G49/H49*I49+L49/M49*N49+Q49/R49*S49+V49/W49*X49))/($D$1+$I$1+$N$1+$S$1+$X$1) -> 0.0023874488 | AC49: =(E49+J49+O49+T49+Y49)/(AA49) -> 0.66666667
A50: Singed | B50: 3 | C50: 6 | D50: 4 | E50: 3 | G50: 2 | H50: 2 | I50: 0 | J50: 1 | M50: 1 | R50: 1 | W50: 1 | AA50: =B50+G50+L50+Q50+V50 -> 5 | AB50: =(AA50+(B50/C50*D50+G50/H50*I50+L50/M50*N50+Q50/R50*S50+V50/W50*X50))/($D$1+$I$1+$N$1+$S$1+$X$1) -> 0.0023874488 | AC50: =(E50+J50+O50+T50+Y50)/(AA50) -> 0.8
A51: Varus | C51: 1 | G51: 1 | H51: 130 | I51: 139 | J51: 1 | L51: 2 | M51: 133 | N51: 148 | O51: 0 | R51: 1 | W51: 1 | AA51: =B51+G51+L51+Q51+V51 -> 3 | AB51: =(AA51+(B51/C51*D51+G51/H51*I51+L51/M51*N51+Q51/R51*S51+V51/W51*X51))/($D$1+$I$1+$N$1+$S$1+$X$1) -> 0.0021469286 | AC51: =(E51+J51+O51+T51+Y51)/(AA51) -> 0.33333333
A52: Jhin | C52: 1 | G52: 5 | H52: 24 | I52: 1 | J52: 3 | M52: 1 | R52: 1 | W52: 1 | AA52: =B52+G52+L52+Q52+V52 -> 5 | AB52: =(AA52+(B52/C52*D52+G52/H52*I52+L52/M52*N52+Q52/R52*S52+V52/W52*X52))/($D$1+$I$1+$N$1+$S$1+$X$1) -> 0.0017763756 | AC52: =(E52+J52+O52+T52+Y52)/(AA52) -> 0.6
A53: Lissandra | C53: 1 | G53: 2 | H53: 36 | I53: 28 | J53: 1 | M53: 1 | R53: 1 | V53: 1 | W53: 1 | X53: 0 | Y53: 1 | AA53: =B53+G53+L53+Q53+V53 -> 3 | AB53: =(AA53+(B53/C53*D53+G53/H53*I53+L53/M53*N53+Q53/R53*S53+V53/W53*X53))/($D$1+$I$1+$N$1+$S$1+$X$1) -> 0.0015537365 | AC53: =(E53+J53+O53+T53+Y53)/(AA53) -> 0.66666667
A54: Twitch | C54: 1 | G54: 2 | H54: 3 | I54: 2 | J54: 0 | M54: 1 | R54: 1 | W54: 1 | AA54: =B54+G54+L54+Q54+V54 -> 2 | AB54: =(AA54+(B54/C54*D54+G54/H54*I54+L54/M54*N54+Q54/R54*S54+V54/W54*X54))/($D$1+$I$1+$N$1+$S$1+$X$1) -> 0.0011368804 | AC54: =(E54+J54+O54+T54+Y54)/(AA54) -> 0
A55: Zyra | B55: 1 | C55: 1 | D55: 0 | E55: 1 | H55: 1 | L55: 1 | M55: 43 | N55: 32 | O55: 1 | R55: 1 | W55: 1 | AA55: =B55+G55+L55+Q55+V55 -> 2 | AB55: =(AA55+(B55/C55*D55+G55/H55*I55+L55/M55*N55+Q55/R55*S55+V55/W55*X55))/($D$1+$I$1+$N$1+$S$1+$X$1) -> 0.0009359434 | AC55: =(E55+J55+O55+T55+Y55)/(AA55) -> 1
A56: LeBlanc | C56: 1 | H56: 1 | M56: 1 | Q56: 1 | R56: 12 | S56: 20 | T56: 0 | W56: 1 | AA56: =B56+G56+L56+Q56+V56 -> 1 | AB56: =(AA56+(B56/C56*D56+G56/H56*I56+L56/M56*N56+Q56/R56*S56+V56/W56*X56))/($D$1+$I$1+$N$1+$S$1+$X$1) -> 0.00090950432 | AC56: =(E56+J56+O56+T56+Y56)/(AA56) -> 0
A57: Sion | C57: 1 | H57: 1 | L57: 2 | M57: 7 | N57: 0 | O57: 1 | R57: 1 | W57: 1 | AA57: =B57+G57+L57+Q57+V57 -> 2 | AB57: =(AA57+(B57/C57*D57+G57/H57*I57+L57/M57*N57+Q57/R57*S57+V57/W57*X57))/($D$1+$I$1+$N$1+$S$1+$X$1) -> 0.00068212824 | AC57: =(E57+J57+O57+T57+Y57)/(AA57) -> 0.5
A58: Lee Sin | C58: 1 | H58: 1 | L58: 1 | M58: 98 | N58: 89 | O58: 0 | R58: 1 | W58: 1 | AA58: =B58+G58+L58+Q58+V58 -> 1 | AB58: =(AA58+(B58/C58*D58+G58/H58*I58+L58/M58*N58+Q58/R58*S58+V58/W58*X58))/($D$1+$I$1+$N$1+$S$1+$X$1) -> 0.00065080603 | AC58: =(E58+J58+O58+T58+Y58)/(AA58) -> 0
A59: Trundle | B59: 1 | C59: 87 | D59: 79 | E59: 0 | H59: 1 | M59: 1 | R59: 1 | W59: 1 | AA59: =B59+G59+L59+Q59+V59 -> 1 | AB59: =(AA59+(B59/C59*D59+G59/H59*I59+L59/M59*N59+Q59/R59*S59+V59/W59*X59))/($D$1+$I$1+$N$1+$S$1+$X$1) -> 0.00065076602 | AC59: =(E59+J59+O59+T59+Y59)/(AA59) -> 0
A60: Syndra | B60: 1 | C60: 32 | D60: 27 | E60: 0 | H60: 1 | M60: 1 | R60: 1 | W60: 1 | AA60: =B60+G60+L60+Q60+V60 -> 1 | AB60: =(AA60+(B60/C60*D60+G60/H60*I60+L60/M60*N60+Q60/R60*S60+V60/W60*X60))/($D$1+$I$1+$N$1+$S$1+$X$1) -> 0.00062883697 | AC60: =(E60+J60+O60+T60+Y60)/(AA60) -> 0
A61: Ezreal | C61: 1 | H61: 1 | L61: 1 | M61: 126 | N61: 106 | O61: 1 | R61: 1 | W61: 1 | AA61: =B61+G61+L61+Q61+V61 -> 1 | AB61: =(AA61+(B61/C61*D61+G61/H61*I61+L61/M61*N61+Q61/R61*S61+V61/W61*X61))/($D$1+$I$1+$N$1+$S$1+$X$1) -> 0.00062799108 | AC61: =(E61+J61+O61+T61+Y61)/(AA61) -> 1
A62: Veigar | C62: 1 | H62: 1 | L62: 1 | M62: 6 | N62: 2 | O62: 0 | R62: 1 | W62: 1 | AA62: =B62+G62+L62+Q62+V62 -> 1 | AB62: =(AA62+(B62/C62*D62+G62/H62*I62+L62/M62*N62+Q62/R62*S62+V62/W62*X62))/($D$1+$I$1+$N$1+$S$1+$X$1) -> 0.00045475216 | AC62: =(E62+J62+O62+T62+Y62)/(AA62) -> 0
A63: Zac | B63: 1 | C63: 4 | D63: 1 | E63: 1 | H63: 1 | M63: 1 | R63: 1 | W63: 1 | AA63: =B63+G63+L63+Q63+V63 -> 1 | AB63: =(AA63+(B63/C63*D63+G63/H63*I63+L63/M63*N63+Q63/R63*S63+V63/W63*X63))/($D$1+$I$1+$N$1+$S$1+$X$1) -> 0.00042633015 | AC63: =(E63+J63+O63+T63+Y63)/(AA63) -> 1
A64: Cho'Gath | C64: 1 | H64: 1 | M64: 1 | Q64: 1 | R64: 12 | S64: 1 | T64: 0 | W64: 1 | AA64: =B64+G64+L64+Q64+V64 -> 1 | AB64: =(AA64+(B64/C64*D64+G64/H64*I64+L64/M64*N64+Q64/R64*S64+V64/W64*X64))/($D$1+$I$1+$N$1+$S$1+$X$1) -> 0.00036948613 | AC64: =(E64+J64+O64+T64+Y64)/(AA64) -> 0
A65: Fiddlesticks | C65: 1 | H65: 1 | M65: 1 | Q65: 1 | R65: 2 | S65: 0 | T65: 1 | W65: 1 | AA65: =B65+G65+L65+Q65+V65 -> 1 | AB65: =(AA65+(B65/C65*D65+G65/H65*I65+L65/M65*N65+Q65/R65*S65+V65/W65*X65))/($D$1+$I$1+$N$1+$S$1+$X$1) -> 0.00034106412 | AC65: =(E65+J65+O65+T65+Y65)/(AA65) -> 1
A66: Nasus | B66: 1 | C66: 1 | D66: 0 | E66: 0 | H66: 1 | M66: 1 | R66: 1 | W66: 1 | AA66: =B66+G66+L66+Q66+V66 -> 1 | AB66: =(AA66+(B66/C66*D66+G66/H66*I66+L66/M66*N66+Q66/R66*S66+V66/W66*X66))/($D$1+$I$1+$N$1+$S$1+$X$1) -> 0.00034106412 | AC66: =(E66+J66+O66+T66+Y66)/(AA66) -> 0
A67: Rammus | C67: 1 | H67: 1 | M67: 1 | Q67: 1 | R67: 1 | S67: 0 | T67: 0 | W67: 1 | AA67: =B67+G67+L67+Q67+V67 -> 1 | AB67: =(AA67+(B67/C67*D67+G67/H67*I67+L67/M67*N67+Q67/R67*S67+V67/W67*X67))/($D$1+$I$1+$N$1+$S$1+$X$1) -> 0.00034106412 | AC67: =(E67+J67+O67+T67+Y67)/(AA67) -> 0
C68: 1 | H68: 1 | M68: 1 | R68: 1 | W68: 1 | AA68: =B68+G68+L68+Q68+V68 -> 0 | AB68: =(AA68+(B68/C68*D68+G68/H68*I68+L68/M68*N68+Q68/R68*S68+V68/W68*X68))/($D$1+$I$1+$N$1+$S$1+$X$1) -> 0 | AC68: =(E68+J68+O68+T68+Y68)/(AA68) -> #DIV/0!
C69: 1 | H69: 1 | M69: 1 | R69: 1 | W69: 1 | AA69: =B69+G69+L69+Q69+V69 -> 0 | AB69: =(AA69+(B69/C69*D69+G69/H69*I69+L69/M69*N69+Q69/R69*S69+V69/W69*X69))/($D$1+$I$1+$N$1+$S$1+$X$1) -> 0 | AC69: =(E69+J69+O69+T69+Y69)/(AA69) -> #DIV/0!
C70: 1 | H70: 1 | M70: 1 | R70: 1 | W70: 1 | AA70: =B70+G70+L70+Q70+V70 -> 0 | AB70: =(AA70+(B70/C70*D70+G70/H70*I70+L70/M70*N70+Q70/R70*S70+V70/W70*X70))/($D$1+$I$1+$N$1+$S$1+$X$1) -> 0 | AC70: =(E70+J70+O70+T70+Y70)/(AA70) -> #DIV/0!
C71: 1 | H71: 1 | M71: 1 | R71: 1 | W71: 1 | AA71: =B71+G71+L71+Q71+V71 -> 0 | AB71: =(AA71+(B71/C71*D71+G71/H71*I71+L71/M71*N71+Q71/R71*S71+V71/W71*X71))/($D$1+$I$1+$N$1+$S$1+$X$1) -> 0 | AC71: =(E71+J71+O71+T71+Y71)/(AA71) -> #DIV/0!
C72: 1 | H72: 1 | M72: 1 | R72: 1 | W72: 1 | AA72: =B72+G72+L72+Q72+V72 -> 0 | AB72: =(AA72+(B72/C72*D72+G72/H72*I72+L72/M72*N72+Q72/R72*S72+V72/W72*X72))/($D$1+$I$1+$N$1+$S$1+$X$1) -> 0 | AC72: =(E72+J72+O72+T72+Y72)/(AA72) -> #DIV/0!

Sheet Burdol
A1: Burdol | B1: 2022 | E1: 2023 | H1: 2024 | K1: 2025 | N1: 2026 | R1: Total per Champ: | V1: Total:
A2: Champion | B2: Games | C2: Winrate | D2: Wins | E2: Games | F2: Winrate | G2: Wins | H2: Games | I2: Winrate | J2: Wins | K2: Games | L2: Winrate | M2: Wins | N2: Games | O2: Winrate | P2: Wins | R2: Games | S2: Winrate | T2: %Pick | U2: %Total | V2: Games | W2: Winrate
A3: Gnar | D3: =B3*C3 -> 0 | E3: 17 | F3: 0.588 | G3: =E3*F3 -> 9.996 | J3: =H3*I3 -> 0 | M3: =K3*L3 -> 0 | P3: =N3*O3 -> 0 | R3: =B3+E3+H3+K3+N3 -> 17 | S3: =(D3+G3+J3+M3+P3)/R3 -> 0.588 | T3: =R3/$V$3 -> 0.136 | U3: =R3 / _xlfn.XLOOKUP(A3, Top!A:A, Top!AA:AA) -> 0.032015066 | V3: =SUM(R3:R36) -> 125 | W3: =(SUM(D3:D66)+SUM(G3:G66)+SUM(J3:J66)+SUM(M3:M66)+SUM(P3:P66)) / V3 -> 0.504024
A4: Jax | D4: =B4*C4 -> 0 | E4: 14 | F4: 0.5 | G4: =E4*F4 -> 7 | J4: =H4*I4 -> 0 | M4: =K4*L4 -> 0 | P4: =N4*O4 -> 0 | R4: =B4+E4+H4+K4+N4 -> 14 | S4: =(D4+G4+J4+M4+P4)/R4 -> 0.5 | T4: =R4/$V$3 -> 0.112 | U4: =R4 / _xlfn.XLOOKUP(A4, Top!A:A, Top!AA:AA) -> 0.033980583
A5: Graves | B5: 8 | C5: 0.75 | D5: =B5*C5 -> 6 | G5: =E5*F5 -> 0 | J5: =H5*I5 -> 0 | M5: =K5*L5 -> 0 | P5: =N5*O5 -> 0 | R5: =B5+E5+H5+K5+N5 -> 8 | S5: =(D5+G5+J5+M5+P5)/R5 -> 0.75 | T5: =R5/$V$3 -> 0.064 | U5: =R5 / _xlfn.XLOOKUP(A5, Top!A:A, Top!AA:AA) -> 0.16326531
A6: Akali | B6: 7 | C6: 0.857 | D6: =B6*C6 -> 5.999 | G6: =E6*F6 -> 0 | J6: =H6*I6 -> 0 | M6: =K6*L6 -> 0 | P6: =N6*O6 -> 0 | R6: =B6+E6+H6+K6+N6 -> 7 | S6: =(D6+G6+J6+M6+P6)/R6 -> 0.857 | T6: =R6/$V$3 -> 0.056 | U6: =R6 / _xlfn.XLOOKUP(A6, Top!A:A, Top!AA:AA) -> 0.15555556
A7: K'Sante | D7: =B7*C7 -> 0 | E7: 18 | F7: 0.278 | G7: =E7*F7 -> 5.004 | J7: =H7*I7 -> 0 | M7: =K7*L7 -> 0 | P7: =N7*O7 -> 0 | R7: =B7+E7+H7+K7+N7 -> 18 | S7: =(D7+G7+J7+M7+P7)/R7 -> 0.278 | T7: =R7/$V$3 -> 0.144 | U7: =R7 / _xlfn.XLOOKUP(A7, Top!A:A, Top!AA:AA) -> 0.026946108
A8: Jayce | B8: 4 | C8: 0.5 | D8: =B8*C8 -> 2 | E8: 6 | F8: 0.5 | G8: =E8*F8 -> 3 | J8: =H8*I8 -> 0 | M8: =K8*L8 -> 0 | P8: =N8*O8 -> 0 | R8: =B8+E8+H8+K8+N8 -> 10 | S8: =(D8+G8+J8+M8+P8)/R8 -> 0.5 | T8: =R8/$V$3 -> 0.08 | U8: =R8 / _xlfn.XLOOKUP(A8, Top!A:A, Top!AA:AA) -> 0.038610039
A9: Camille | B9: 5 | C9: 1 | D9: =B9*C9 -> 5 | G9: =E9*F9 -> 0 | J9: =H9*I9 -> 0 | M9: =K9*L9 -> 0 | P9: =N9*O9 -> 0 | R9: =B9+E9+H9+K9+N9 -> 5 | S9: =(D9+G9+J9+M9+P9)/R9 -> 1 | T9: =R9/$V$3 -> 0.04 | U9: =R9 / _xlfn.XLOOKUP(A9, Top!A:A, Top!AA:AA) -> 0.03649635
A10: Fiora | D10: =B10*C10 -> 0 | E10: 6 | F10: 0.667 | G10: =E10*F10 -> 4.002 | J10: =H10*I10 -> 0 | M10: =K10*L10 -> 0 | P10: =N10*O10 -> 0 | R10: =B10+E10+H10+K10+N10 -> 6 | S10: =(D10+G10+J10+M10+P10)/R10 -> 0.667 | T10: =R10/$V$3 -> 0.048 | U10: =R10 / _xlfn.XLOOKUP(A10, Top!A:A, Top!AA:AA) -> 0.071428571
A11: Gwen | B11: 8 | C11: 0.5 | D11: =B11*C11 -> 4 | G11: =E11*F11 -> 0 | J11: =H11*I11 -> 0 | M11: =K11*L11 -> 0 | P11: =N11*O11 -> 0 | R11: =B11+E11+H11+K11+N11 -> 8 | S11: =(D11+G11+J11+M11+P11)/R11 -> 0.5 | T11: =R11/$V$3 -> 0.064 | U11: =R11 / _xlfn.XLOOKUP(A11, Top!A:A, Top!AA:AA) -> 0.020997375
A12: Gragas | B12: 4 | C12: 0.75 | D12: =B12*C12 -> 3 | E12: 1 | F12: 1 | G12: =E12*F12 -> 1 | J12: =H12*I12 -> 0 | M12: =K12*L12 -> 0 | P12: =N12*O12 -> 0 | R12: =B12+E12+H12+K12+N12 -> 5 | S12: =(D12+G12+J12+M12+P12)/R12 -> 0.8 | T12: =R12/$V$3 -> 0.04 | U12: =R12 / _xlfn.XLOOKUP(A12, Top!A:A, Top!AA:AA) -> 0.023148148
A13: Sion | B13: 3 | C13: 0.667 | D13: =B13*C13 -> 2.001 | E13: 1 | F13: 0 | G13: =E13*F13 -> 0 | J13: =H13*I13 -> 0 | M13: =K13*L13 -> 0 | P13: =N13*O13 -> 0 | R13: =B13+E13+H13+K13+N13 -> 4 | S13: =(D13+G13+J13+M13+P13)/R13 -> 0.50025 | T13: =R13/$V$3 -> 0.032 | U13: =R13 / _xlfn.XLOOKUP(A13, Top!A:A, Top!AA:AA) -> 0.017021277
A14: Yone | B14: 3 | C14: 0.667 | D14: =B14*C14 -> 2.001 | E14: 1 | F14: 0 | G14: =E14*F14 -> 0 | J14: =H14*I14 -> 0 | M14: =K14*L14 -> 0 | P14: =N14*O14 -> 0 | R14: =B14+E14+H14+K14+N14 -> 4 | S14: =(D14+G14+J14+M14+P14)/R14 -> 0.50025 | T14: =R14/$V$3 -> 0.032 | U14: =R14 / _xlfn.XLOOKUP(A14, Top!A:A, Top!AA:AA) -> 0.14814815
A15: Renekton | B15: 4 | C15: 0.25 | D15: =B15*C15 -> 1 | E15: 3 | F15: 0 | G15: =E15*F15 -> 0 | J15: =H15*I15 -> 0 | M15: =K15*L15 -> 0 | P15: =N15*O15 -> 0 | R15: =B15+E15+H15+K15+N15 -> 7 | S15: =(D15+G15+J15+M15+P15)/R15 -> 0.14285714 | T15: =R15/$V$3 -> 0.056 | U15: =R15 / _xlfn.XLOOKUP(A15, Top!A:A, Top!AA:AA) -> 0.01369863
A16: Malphite | B16: 2 | C16: 0.5 | D16: =B16*C16 -> 1 | G16: =E16*F16 -> 0 | J16: =H16*I16 -> 0 | M16: =K16*L16 -> 0 | P16: =N16*O16 -> 0 | R16: =B16+E16+H16+K16+N16 -> 2 | S16: =(D16+G16+J16+M16+P16)/R16 -> 0.5 | T16: =R16/$V$3 -> 0.016 | U16: =R16 / _xlfn.XLOOKUP(A16, Top!A:A, Top!AA:AA) -> 0.055555556
A17: Poppy | D17: =B17*C17 -> 0 | E17: 1 | F17: 1 | G17: =E17*F17 -> 1 | J17: =H17*I17 -> 0 | M17: =K17*L17 -> 0 | P17: =N17*O17 -> 0 | R17: =B17+E17+H17+K17+N17 -> 1 | S17: =(D17+G17+J17+M17+P17)/R17 -> 1 | T17: =R17/$V$3 -> 0.008 | U17: =R17 / _xlfn.XLOOKUP(A17, Top!A:A, Top!AA:AA) -> 0.016666667
A18: Ornn | B18: 1 | C18: 0 | D18: =B18*C18 -> 0 | E18: 2 | F18: 0 | G18: =E18*F18 -> 0 | J18: =H18*I18 -> 0 | M18: =K18*L18 -> 0 | P18: =N18*O18 -> 0 | R18: =B18+E18+H18+K18+N18 -> 3 | S18: =(D18+G18+J18+M18+P18)/R18 -> 0 | T18: =R18/$V$3 -> 0.024 | U18: =R18 / _xlfn.XLOOKUP(A18, Top!A:A, Top!AA:AA) -> 0.014018692
A19: Irelia | B19: 1 | C19: 0 | D19: =B19*C19 -> 0 | E19: 1 | F19: 0 | G19: =E19*F19 -> 0 | J19: =H19*I19 -> 0 | M19: =K19*L19 -> 0 | P19: =N19*O19 -> 0 | R19: =B19+E19+H19+K19+N19 -> 2 | S19: =(D19+G19+J19+M19+P19)/R19 -> 0 | T19: =R19/$V$3 -> 0.016 | U19: =R19 / _xlfn.XLOOKUP(A19, Top!A:A, Top!AA:AA) -> 0.11111111
A20: Azir | B20: 1 | C20: 0 | D20: =B20*C20 -> 0 | E20: 1 | F20: 0 | G20: =E20*F20 -> 0 | J20: =H20*I20 -> 0 | M20: =K20*L20 -> 0 | P20: =N20*O20 -> 0 | R20: =B20+E20+H20+K20+N20 -> 2 | S20: =(D20+G20+J20+M20+P20)/R20 -> 0 | T20: =R20/$V$3 -> 0.016 | U20: =R20 / _xlfn.XLOOKUP(A20, Top!A:A, Top!AA:AA) -> 0.66666667
A21: Cho'Gath | D21: =B21*C21 -> 0 | E21: 1 | F21: 0 | G21: =E21*F21 -> 0 | J21: =H21*I21 -> 0 | M21: =K21*L21 -> 0 | P21: =N21*O21 -> 0 | R21: =B21+E21+H21+K21+N21 -> 1 | S21: =(D21+G21+J21+M21+P21)/R21 -> 0 | T21: =R21/$V$3 -> 0.008 | U21: =R21 / _xlfn.XLOOKUP(A21, Top!A:A, Top!AA:AA) -> 0.076923077
A22: Rumble | D22: =B22*C22 -> 0 | E22: 1 | F22: 0 | G22: =E22*F22 -> 0 | J22: =H22*I22 -> 0 | M22: =K22*L22 -> 0 | P22: =N22*O22 -> 0 | R22: =B22+E22+H22+K22+N22 -> 1 | S22: =(D22+G22+J22+M22+P22)/R22 -> 0 | T22: =R22/$V$3 -> 0.008 | U22: =R22 / _xlfn.XLOOKUP(A22, Top!A:A, Top!AA:AA) -> 0.0025641026

Sheet Canna
A1: Canna | B1: 2022 | E1: 2023 | H1: 2024 | K1: 2025 | N1: 2026 | R1: Total per Champ: | V1: Total:
A2: Champion | B2: Games | C2: Winrate | D2: Wins | E2: Games | F2: Winrate | G2: Wins | H2: Games | I2: Winrate | J2: Wins | K2: Games | L2: Winrate | M2: Wins | N2: Games | O2: Winrate | P2: Wins | R2: Games | S2: Winrate | T2: %Pick | U2: %Total | V2: Games | W2: Winrate
A3: Sylas | D3: =B3*C3 -> 0 | G3: =E3*F3 -> 0 | J3: =H3*I3 -> 0 | M3: =K3*L3 -> 0 | P3: =N3*O3 -> 0 | R3: =B3+E3+H3+K3+N3 -> 0 | S3: =(D3+G3+J3+M3+P3)/R3 -> #DIV/0! | T3: =R3/$V$3 -> 0 | U3: =R3 / _xlfn.XLOOKUP(A3, Top!A:A, Top!AA:AA) -> 0 | V3: =SUM(R3:R50) -> 205 | W3: =(SUM(D3:D92)+SUM(G3:G92)+SUM(J3:J92)+SUM(M3:M92)+SUM(P3:P92)) / V3 -> 0.48781463
A4: LeBlanc | D4: =B4*C4 -> 0 | E4: 1 | F4: 1 | G4: =E4*F4 -> 1 | J4: =H4*I4 -> 0 | M4: =K4*L4 -> 0 | P4: =N4*O4 -> 0 | R4: =B4+E4+H4+K4+N4 -> 1 | S4: =(D4+G4+J4+M4+P4)/R4 -> 1 | T4: =R4/$V$3 -> 0.0048780488 | U4: =R4 / _xlfn.XLOOKUP(A4, Top!A:A, Top!AA:AA) -> 0.5
A5: Fiora | B5: 1 | C5: 1 | D5: =B5*C5 -> 1 | E5: 3 | F5: 1 | G5: =E5*F5 -> 3 | J5: =H5*I5 -> 0 | M5: =K5*L5 -> 0 | P5: =N5*O5 -> 0 | R5: =B5+E5+H5+K5+N5 -> 4 | S5: =(D5+G5+J5+M5+P5)/R5 -> 1 | T5: =R5/$V$3 -> 0.019512195 | U5: =R5 / _xlfn.XLOOKUP(A5, Top!A:A, Top!AA:AA) -> 0.047619048
A6: Poppy | D6: =B6*C6 -> 0 | E6: 2 | F6: 1 | G6: =E6*F6 -> 2 | J6: =H6*I6 -> 0 | M6: =K6*L6 -> 0 | P6: =N6*O6 -> 0 | R6: =B6+E6+H6+K6+N6 -> 2 | S6: =(D6+G6+J6+M6+P6)/R6 -> 1 | T6: =R6/$V$3 -> 0.0097560976 | U6: =R6 / _xlfn.XLOOKUP(A6, Top!A:A, Top!AA:AA) -> 0.033333333
A7: Camille | B7: 1 | C7: 1 | D7: =B7*C7 -> 1 | G7: =E7*F7 -> 0 | J7: =H7*I7 -> 0 | K7: 1 | L7: 1 | M7: =K7*L7 -> 1 | P7: =N7*O7 -> 0 | R7: =B7+E7+H7+K7+N7 -> 2 | S7: =(D7+G7+J7+M7+P7)/R7 -> 1 | T7: =R7/$V$3 -> 0.0097560976 | U7: =R7 / _xlfn.XLOOKUP(A7, Top!A:A, Top!AA:AA) -> 0.01459854
A8: Jax | D8: =B8*C8 -> 0 | E8: 14 | F8: 0.714 | G8: =E8*F8 -> 9.996 | J8: =H8*I8 -> 0 | K8: 1 | L8: 1 | M8: =K8*L8 -> 1 | P8: =N8*O8 -> 0 | R8: =B8+E8+H8+K8+N8 -> 15 | S8: =(D8+G8+J8+M8+P8)/R8 -> 0.73306667 | T8: =R8/$V$3 -> 0.073170732 | U8: =R8 / _xlfn.XLOOKUP(A8, Top!A:A, Top!AA:AA) -> 0.036407767
A9: Renekton | B9: 6 | C9: 0.833 | D9: =B9*C9 -> 4.998 | E9: 24 | F9: 0.667 | G9: =E9*F9 -> 16.008 | J9: =H9*I9 -> 0 | M9: =K9*L9 -> 0 | P9: =N9*O9 -> 0 | R9: =B9+E9+H9+K9+N9 -> 30 | S9: =(D9+G9+J9+M9+P9)/R9 -> 0.7002 | T9: =R9/$V$3 -> 0.14634146 | U9: =R9 / _xlfn.XLOOKUP(A9, Top!A:A, Top!AA:AA) -> 0.058708415
A10: Aatrox | D10: =B10*C10 -> 0 | G10: =E10*F10 -> 0 | J10: =H10*I10 -> 0 | K10: 3 | L10: 0.667 | M10: =K10*L10 -> 2.001 | P10: =N10*O10 -> 0 | R10: =B10+E10+H10+K10+N10 -> 3 | S10: =(D10+G10+J10+M10+P10)/R10 -> 0.667 | T10: =R10/$V$3 -> 0.014634146 | U10: =R10 / _xlfn.XLOOKUP(A10, Top!A:A, Top!AA:AA) -> 0.009202454
A11: Sion | B11: 1 | C11: 0 | D11: =B11*C11 -> 0 | E11: 6 | F11: 0.833 | G11: =E11*F11 -> 4.998 | J11: =H11*I11 -> 0 | K11: 1 | L11: 0 | M11: =K11*L11 -> 0 | P11: =N11*O11 -> 0 | R11: =B11+E11+H11+K11+N11 -> 8 | S11: =(D11+G11+J11+M11+P11)/R11 -> 0.62475 | T11: =R11/$V$3 -> 0.03902439 | U11: =R11 / _xlfn.XLOOKUP(A11, Top!A:A, Top!AA:AA) -> 0.034042553
A12: Graves | B12: 10 | C12: 0.6 | D12: =B12*C12 -> 6 | G12: =E12*F12 -> 0 | J12: =H12*I12 -> 0 | M12: =K12*L12 -> 0 | P12: =N12*O12 -> 0 | R12: =B12+E12+H12+K12+N12 -> 10 | S12: =(D12+G12+J12+M12+P12)/R12 -> 0.6 | T12: =R12/$V$3 -> 0.048780488 | U12: =R12 / _xlfn.XLOOKUP(A12, Top!A:A, Top!AA:AA) -> 0.20408163
A13: Rumble | D13: =B13*C13 -> 0 | E13: 9 | F13: 0.556 | G13: =E13*F13 -> 5.004 | J13: =H13*I13 -> 0 | K13: 1 | L13: 0 | M13: =K13*L13 -> 0 | P13: =N13*O13 -> 0 | R13: =B13+E13+H13+K13+N13 -> 10 | S13: =(D13+G13+J13+M13+P13)/R13 -> 0.5004 | T13: =R13/$V$3 -> 0.048780488 | U13: =R13 / _xlfn.XLOOKUP(A13, Top!A:A, Top!AA:AA) -> 0.025641026
A14: Tryndamere | B14: 6 | C14: 0.5 | D14: =B14*C14 -> 3 | G14: =E14*F14 -> 0 | J14: =H14*I14 -> 0 | M14: =K14*L14 -> 0 | P14: =N14*O14 -> 0 | R14: =B14+E14+H14+K14+N14 -> 6 | S14: =(D14+G14+J14+M14+P14)/R14 -> 0.5 | T14: =R14/$V$3 -> 0.029268293 | U14: =R14 / _xlfn.XLOOKUP(A14, Top!A:A, Top!AA:AA) -> 0.13043478
A15: K'sante | D15: =B15*C15 -> 0 | E15: 15 | F15: 0.467 | G15: =E15*F15 -> 7.005 | J15: =H15*I15 -> 0 | M15: =K15*L15 -> 0 | P15: =N15*O15 -> 0 | R15: =B15+E15+H15+K15+N15 -> 15 | S15: =(D15+G15+J15+M15+P15)/R15 -> 0.467 | T15: =R15/$V$3 -> 0.073170732 | U15: =R15 / _xlfn.XLOOKUP(A15, Top!A:A, Top!AA:AA) -> 0.02245509
A16: Ornn | B16: 5 | C16: 0.4 | D16: =B16*C16 -> 2 | E16: 2 | F16: 0.5 | G16: =E16*F16 -> 1 | J16: =H16*I16 -> 0 | M16: =K16*L16 -> 0 | P16: =N16*O16 -> 0 | R16: =B16+E16+H16+K16+N16 -> 7 | S16: =(D16+G16+J16+M16+P16)/R16 -> 0.42857143 | T16: =R16/$V$3 -> 0.034146341 | U16: =R16 / _xlfn.XLOOKUP(A16, Top!A:A, Top!AA:AA) -> 0.03271028
A17: Gragas | B17: 3 | C17: 0.333 | D17: =B17*C17 -> 0.999 | E17: 4 | F17: 0.5 | G17: =E17*F17 -> 2 | J17: =H17*I17 -> 0 | M17: =K17*L17 -> 0 | P17: =N17*O17 -> 0 | R17: =B17+E17+H17+K17+N17 -> 7 | S17: =(D17+G17+J17+M17+P17)/R17 -> 0.42842857 | T17: =R17/$V$3 -> 0.034146341 | U17: =R17 / _xlfn.XLOOKUP(A17, Top!A:A, Top!AA:AA) -> 0.032407407
A18: Jayce | B18: 5 | C18: 0.2 | D18: =B18*C18 -> 1 | E18: 8 | F18: 0.375 | G18: =E18*F18 -> 3 | J18: =H18*I18 -> 0 | K18: 5 | L18: 0.6 | M18: =K18*L18 -> 3 | P18: =N18*O18 -> 0 | R18: =B18+E18+H18+K18+N18 -> 18 | S18: =(D18+G18+J18+M18+P18)/R18 -> 0.38888889 | T18: =R18/$V$3 -> 0.087804878 | U18: =R18 / _xlfn.XLOOKUP(A18, Top!A:A, Top!AA:AA) -> 0.069498069
A19: Akali | B19: 3 | C19: 0.333 | D19: =B19*C19 -> 0.999 | G19: =E19*F19 -> 0 | J19: =H19*I19 -> 0 | M19: =K19*L19 -> 0 | P19: =N19*O19 -> 0 | R19: =B19+E19+H19+K19+N19 -> 3 | S19: =(D19+G19+J19+M19+P19)/R19 -> 0.333 | T19: =R19/$V$3 -> 0.014634146 | U19: =R19 / _xlfn.XLOOKUP(A19, Top!A:A, Top!AA:AA) -> 0.066666667
A20: Gwen | B20: 15 | C20: 0.333 | D20: =B20*C20 -> 4.995 | G20: =E20*F20 -> 0 | J20: =H20*I20 -> 0 | M20: =K20*L20 -> 0 | P20: =N20*O20 -> 0 | R20: =B20+E20+H20+K20+N20 -> 15 | S20: =(D20+G20+J20+M20+P20)/R20 -> 0.333 | T20: =R20/$V$3 -> 0.073170732 | U20: =R20 / _xlfn.XLOOKUP(A20, Top!A:A, Top!AA:AA) -> 0.039370079
A21: Ambessa | D21: =B21*C21 -> 0 | G21: =E21*F21 -> 0 | J21: =H21*I21 -> 0 | K21: 3 | L21: 0.333 | M21: =K21*L21 -> 0.999 | P21: =N21*O21 -> 0 | R21: =B21+E21+H21+K21+N21 -> 3 | S21: =(D21+G21+J21+M21+P21)/R21 -> 0.333 | T21: =R21/$V$3 -> 0.014634146 | U21: =R21 / _xlfn.XLOOKUP(A21, Top!A:A, Top!AA:AA) -> 0.015625
A22: Gnar | B22: 12 | C22: 0.167 | D22: =B22*C22 -> 2.004 | E22: 11 | F22: 0.545 | G22: =E22*F22 -> 5.995 | J22: =H22*I22 -> 0 | K22: 2 | L22: 0 | M22: =K22*L22 -> 0 | P22: =N22*O22 -> 0 | R22: =B22+E22+H22+K22+N22 -> 25 | S22: =(D22+G22+J22+M22+P22)/R22 -> 0.31996 | T22: =R22/$V$3 -> 0.12195122 | U22: =R22 / _xlfn.XLOOKUP(A22, Top!A:A, Top!AA:AA) -> 0.047080979
A23: Kennen | B23: 2 | C23: 0.5 | D23: =B23*C23 -> 1 | E23: 4 | F23: 0.25 | G23: =E23*F23 -> 1 | J23: =H23*I23 -> 0 | K23: 1 | L23: 0 | M23: =K23*L23 -> 0 | P23: =N23*O23 -> 0 | R23: =B23+E23+H23+K23+N23 -> 7 | S23: =(D23+G23+J23+M23+P23)/R23 -> 0.28571429 | T23: =R23/$V$3 -> 0.034146341 | U23: =R23 / _xlfn.XLOOKUP(A23, Top!A:A, Top!AA:AA) -> 0.05785124
A24: Gankplank | B24: 7 | C24: 0.143 | D24: =B24*C24 -> 1.001 | G24: =E24*F24 -> 0 | J24: =H24*I24 -> 0 | K24: 1 | L24: 0 | M24: =K24*L24 -> 0 | P24: =N24*O24 -> 0 | R24: =B24+E24+H24+K24+N24 -> 8 | S24: =(D24+G24+J24+M24+P24)/R24 -> 0.125125 | T24: =R24/$V$3 -> 0.03902439 | U24: =R24 / _xlfn.XLOOKUP(A24, Top!A:A, Top!AA:AA) -> 0.066666667
A25: Shyvana | B25: 1 | C25: 0 | D25: =B25*C25 -> 0 | G25: =E25*F25 -> 0 | J25: =H25*I25 -> 0 | M25: =K25*L25 -> 0 | P25: =N25*O25 -> 0 | R25: =B25+E25+H25+K25+N25 -> 1 | S25: =(D25+G25+J25+M25+P25)/R25 -> 0 | T25: =R25/$V$3 -> 0.0048780488 | U25: =R25 / _xlfn.XLOOKUP(A25, Top!A:A, Top!AA:AA) -> 0.33333333
A26: Irelia | B26: 1 | C26: 0 | D26: =B26*C26 -> 0 | G26: =E26*F26 -> 0 | J26: =H26*I26 -> 0 | M26: =K26*L26 -> 0 | P26: =N26*O26 -> 0 | R26: =B26+E26+H26+K26+N26 -> 1 | S26: =(D26+G26+J26+M26+P26)/R26 -> 0 | T26: =R26/$V$3 -> 0.0048780488 | U26: =R26 / _xlfn.XLOOKUP(A26, Top!A:A, Top!AA:AA) -> 0.055555556
A27: Mordekaiser | B27: 1 | C27: 0 | D27: =B27*C27 -> 0 | G27: =E27*F27 -> 0 | J27: =H27*I27 -> 0 | M27: =K27*L27 -> 0 | P27: =N27*O27 -> 0 | R27: =B27+E27+H27+K27+N27 -> 1 | S27: =(D27+G27+J27+M27+P27)/R27 -> 0 | T27: =R27/$V$3 -> 0.0048780488 | U27: =R27 / _xlfn.XLOOKUP(A27, Top!A:A, Top!AA:AA) -> 0.045454545
A28: Sejuani | B28: 3 | C28: 0 | D28: =B28*C28 -> 0 | G28: =E28*F28 -> 0 | J28: =H28*I28 -> 0 | M28: =K28*L28 -> 0 | P28: =N28*O28 -> 0 | R28: =B28+E28+H28+K28+N28 -> 3 | S28: =(D28+G28+J28+M28+P28)/R28 -> 0 | T28: =R28/$V$3 -> 0.014634146 | U28: =R28 / _xlfn.XLOOKUP(A28, Top!A:A, Top!AA:AA) -> 0.040540541
D29: =B29*C29 -> 0 | G29: =E29*F29 -> 0 | J29: =H29*I29 -> 0 | M29: =K29*L29 -> 0 | P29: =N29*O29 -> 0 | R29: =B29+E29+H29+K29+N29 -> 0 | S29: =(D29+G29+J29+M29+P29)/R29 -> #DIV/0! | T29: =R29/$V$3 -> 0 | U29: =R29 / _xlfn.XLOOKUP(A29, Top!A:A, Top!AA:AA) -> #DIV/0!
D30: =B30*C30 -> 0 | G30: =E30*F30 -> 0 | J30: =H30*I30 -> 0 | M30: =K30*L30 -> 0 | P30: =N30*O30 -> 0 | R30: =B30+E30+H30+K30+N30 -> 0 | S30: =(D30+G30+J30+M30+P30)/R30 -> #DIV/0! | T30: =R30/$V$3 -> 0 | U30: =R30 / _xlfn.XLOOKUP(A30, Top!A:A, Top!AA:AA) -> #DIV/0!
D31: =B31*C31 -> 0 | G31: =E31*F31 -> 0 | J31: =H31*I31 -> 0 | M31: =K31*L31 -> 0 | P31: =N31*O31 -> 0 | R31: =B31+E31+H31+K31+N31 -> 0 | S31: =(D31+G31+J31+M31+P31)/R31 -> #DIV/0! | T31: =R31/$V$3 -> 0 | U31: =R31 / _xlfn.XLOOKUP(A31, Top!A:A, Top!AA:AA) -> #DIV/0!
D32: =B32*C32 -> 0 | G32: =E32*F32 -> 0 | J32: =H32*I32 -> 0 | M32: =K32*L32 -> 0 | P32: =N32*O32 -> 0 | R32: =B32+E32+H32+K32+N32 -> 0 | S32: =(D32+G32+J32+M32+P32)/R32 -> #DIV/0! | T32: =R32/$V$3 -> 0 | U32: =R32 / _xlfn.XLOOKUP(A32, Top!A:A, Top!AA:AA) -> #DIV/0!
D33: =B33*C33 -> 0 | G33: =E33*F33 -> 0 | J33: =H33*I33 -> 0 | M33: =K33*L33 -> 0 | P33: =N33*O33 -> 0 | R33: =B33+E33+H33+K33+N33 -> 0 | S33: =(D33+G33+J33+M33+P33)/R33 -> #DIV/0! | T33: =R33/$V$3 -> 0 | U33: =R33 / _xlfn.XLOOKUP(A33, Top!A:A, Top!AA:AA) -> #DIV/0!
D34: =B34*C34 -> 0 | G34: =E34*F34 -> 0 | J34: =H34*I34 -> 0 | M34: =K34*L34 -> 0 | P34: =N34*O34 -> 0 | R34: =B34+E34+H34+K34+N34 -> 0 | S34: =(D34+G34+J34+M34+P34)/R34 -> #DIV/0! | T34: =R34/$V$3 -> 0 | U34: =R34 / _xlfn.XLOOKUP(A34, Top!A:A, Top!AA:AA) -> #DIV/0!
D35: =B35*C35 -> 0 | G35: =E35*F35 -> 0 | J35: =H35*I35 -> 0 | M35: =K35*L35 -> 0 | P35: =N35*O35 -> 0 | R35: =B35+E35+H35+K35+N35 -> 0 | S35: =(D35+G35+J35+M35+P35)/R35 -> #DIV/0! | T35: =R35/$V$3 -> 0 | U35: =R35 / _xlfn.XLOOKUP(A35, Top!A:A, Top!AA:AA) -> #DIV/0!
D36: =B36*C36 -> 0 | G36: =E36*F36 -> 0 | J36: =H36*I36 -> 0 | M36: =K36*L36 -> 0 | P36: =N36*O36 -> 0 | R36: =B36+E36+H36+K36+N36 -> 0 | S36: =(D36+G36+J36+M36+P36)/R36 -> #DIV/0! | T36: =R36/$V$3 -> 0 | U36: =R36 / _xlfn.XLOOKUP(A36, Top!A:A, Top!AA:AA) -> #DIV/0!

Sheet Clear
A1: Clear | B1: 2022 | E1: 2023 | H1: 2024 | K1: 2025 | N1: 2026 | R1: Total per Champ: | V1: Total:
A2: Champion | B2: Games | C2: Winrate | D2: Wins | E2: Games | F2: Winrate | G2: Wins | H2: Games | I2: Winrate | J2: Wins | K2: Games | L2: Winrate | M2: Wins | N2: Games | O2: Winrate | P2: Wins | R2: Games | S2: Winrate | T2: %Pick | U2: %Total | V2: Games | W2: Winrate
A3: Fiora | D3: =B3*C3 -> 0 | G3: =E3*F3 -> 0 | J3: =H3*I3 -> 0 | K3: 1 | L3: 1 | M3: =K3*L3 -> 1 | P3: =N3*O3 -> 0 | R3: =B3+E3+H3+K3+N3 -> 1 | S3: =(D3+G3+J3+M3+P3)/R3 -> 1 | T3: =R3/$V$3 -> 0.0042194093 | U3: =R3 / _xlfn.XLOOKUP(A3, Top!A:A, Top!AA:AA) -> 0.011904762 | V3: =SUM(R3:R49) -> 237 | W3: =(SUM(D3:D88)+SUM(G3:G88)+SUM(J3:J88)+SUM(M3:M88)+SUM(P3:P88)) / V3 -> 0.43455274
A4: Ryze | D4: =B4*C4 -> 0 | G4: =E4*F4 -> 0 | J4: =H4*I4 -> 0 | M4: =K4*L4 -> 0 | N4: 1 | O4: 1 | P4: =N4*O4 -> 1 | R4: =B4+E4+H4+K4+N4 -> 1 | S4: =(D4+G4+J4+M4+P4)/R4 -> 1 | T4: =R4/$V$3 -> 0.0042194093 | U4: =R4 / _xlfn.XLOOKUP(A4, Top!A:A, Top!AA:AA) -> 0.1
A5: Rek'Sai | D5: =B5*C5 -> 0 | G5: =E5*F5 -> 0 | J5: =H5*I5 -> 0 | M5: =K5*L5 -> 0 | N5: 3 | O5: 0.667 | P5: =N5*O5 -> 2.001 | R5: =B5+E5+H5+K5+N5 -> 3 | S5: =(D5+G5+J5+M5+P5)/R5 -> 0.667 | T5: =R5/$V$3 -> 0.012658228 | U5: =R5 / _xlfn.XLOOKUP(A5, Top!A:A, Top!AA:AA) -> 0.06122449
A6: Kennen | D6: =B6*C6 -> 0 | G6: =E6*F6 -> 0 | H6: 7 | I6: 0.571 | J6: =H6*I6 -> 3.997 | M6: =K6*L6 -> 0 | N6: 2 | O6: 1 | P6: =N6*O6 -> 2 | R6: =B6+E6+H6+K6+N6 -> 9 | S6: =(D6+G6+J6+M6+P6)/R6 -> 0.66633333 | T6: =R6/$V$3 -> 0.037974684 | U6: =R6 / _xlfn.XLOOKUP(A6, Top!A:A, Top!AA:AA) -> 0.074380165
A7: Sion | D7: =B7*C7 -> 0 | G7: =E7*F7 -> 0 | J7: =H7*I7 -> 0 | K7: 11 | L7: 0.545 | M7: =K7*L7 -> 5.995 | N7: 4 | O7: 0.5 | P7: =N7*O7 -> 2 | R7: =B7+E7+H7+K7+N7 -> 15 | S7: =(D7+G7+J7+M7+P7)/R7 -> 0.533 | T7: =R7/$V$3 -> 0.063291139 | U7: =R7 / _xlfn.XLOOKUP(A7, Top!A:A, Top!AA:AA) -> 0.063829787
A8: Twisted Fate | D8: =B8*C8 -> 0 | G8: =E8*F8 -> 0 | H8: 4 | I8: 0.5 | J8: =H8*I8 -> 2 | M8: =K8*L8 -> 0 | P8: =N8*O8 -> 0 | R8: =B8+E8+H8+K8+N8 -> 4 | S8: =(D8+G8+J8+M8+P8)/R8 -> 0.5 | T8: =R8/$V$3 -> 0.016877637 | U8: =R8 / _xlfn.XLOOKUP(A8, Top!A:A, Top!AA:AA) -> 0.083333333
A9: Yorick | D9: =B9*C9 -> 0 | G9: =E9*F9 -> 0 | J9: =H9*I9 -> 0 | K9: 2 | L9: 0.5 | M9: =K9*L9 -> 1 | P9: =N9*O9 -> 0 | R9: =B9+E9+H9+K9+N9 -> 2 | S9: =(D9+G9+J9+M9+P9)/R9 -> 0.5 | T9: =R9/$V$3 -> 0.0084388186 | U9: =R9 / _xlfn.XLOOKUP(A9, Top!A:A, Top!AA:AA) -> 0.03125
A10: Jax | D10: =B10*C10 -> 0 | E10: 6 | F10: 0.5 | G10: =E10*F10 -> 3 | H10: 2 | I10: 0.5 | J10: =H10*I10 -> 1 | K10: 9 | L10: 0.444 | M10: =K10*L10 -> 3.996 | N10: 1 | O10: 1 | P10: =N10*O10 -> 1 | R10: =B10+E10+H10+K10+N10 -> 18 | S10: =(D10+G10+J10+M10+P10)/R10 -> 0.49977778 | T10: =R10/$V$3 -> 0.075949367 | U10: =R10 / _xlfn.XLOOKUP(A10, Top!A:A, Top!AA:AA) -> 0.04368932
A11: Gnar | D11: =B11*C11 -> 0 | G11: =E11*F11 -> 0 | H11: 13 | I11: 0.538 | J11: =H11*I11 -> 6.994 | M11: =K11*L11 -> 0 | N11: 5 | O11: 0.4 | P11: =N11*O11 -> 2 | R11: =B11+E11+H11+K11+N11 -> 18 | S11: =(D11+G11+J11+M11+P11)/R11 -> 0.49966667 | T11: =R11/$V$3 -> 0.075949367 | U11: =R11 / _xlfn.XLOOKUP(A11, Top!A:A, Top!AA:AA) -> 0.033898305
A12: K'Sante | D12: =B12*C12 -> 0 | E12: 6 | F12: 0.667 | G12: =E12*F12 -> 4.002 | H12: 22 | I12: 0.455 | J12: =H12*I12 -> 10.01 | K12: 10 | L12: 0.4 | M12: =K12*L12 -> 4 | N12: 3 | O12: 0.667 | P12: =N12*O12 -> 2.001 | R12: =B12+E12+H12+K12+N12 -> 41 | S12: =(D12+G12+J12+M12+P12)/R12 -> 0.48812195 | T12: =R12/$V$3 -> 0.17299578 | U12: =R12 / _xlfn.XLOOKUP(A12, Top!A:A, Top!AA:AA) -> 0.061377246
A13: Renekton | D13: =B13*C13 -> 0 | E13: 4 | F13: 0 | G13: =E13*F13 -> 0 | H13: 10 | I13: 0.3 | J13: =H13*I13 -> 3 | K13: 10 | L13: 0.7 | M13: =K13*L13 -> 7 | N13: 6 | O13: 0.667 | P13: =N13*O13 -> 4.002 | R13: =B13+E13+H13+K13+N13 -> 30 | S13: =(D13+G13+J13+M13+P13)/R13 -> 0.46673333 | T13: =R13/$V$3 -> 0.12658228 | U13: =R13 / _xlfn.XLOOKUP(A13, Top!A:A, Top!AA:AA) -> 0.058708415
A14: Rumble | D14: =B14*C14 -> 0 | G14: =E14*F14 -> 0 | H14: 7 | I14: 0.286 | J14: =H14*I14 -> 2.002 | K14: 19 | L14: 0.526 | M14: =K14*L14 -> 9.994 | N14: 2 | O14: 0.5 | P14: =N14*O14 -> 1 | R14: =B14+E14+H14+K14+N14 -> 28 | S14: =(D14+G14+J14+M14+P14)/R14 -> 0.46414286 | T14: =R14/$V$3 -> 0.11814346 | U14: =R14 / _xlfn.XLOOKUP(A14, Top!A:A, Top!AA:AA) -> 0.071794872
A15: Aatrox | D15: =B15*C15 -> 0 | G15: =E15*F15 -> 0 | H15: 4 | I15: 0.5 | J15: =H15*I15 -> 2 | K15: 4 | L15: 0.5 | M15: =K15*L15 -> 2 | N15: 1 | O15: 0 | P15: =N15*O15 -> 0 | R15: =B15+E15+H15+K15+N15 -> 9 | S15: =(D15+G15+J15+M15+P15)/R15 -> 0.44444444 | T15: =R15/$V$3 -> 0.037974684 | U15: =R15 / _xlfn.XLOOKUP(A15, Top!A:A, Top!AA:AA) -> 0.027607362
A16: Jayce | D16: =B16*C16 -> 0 | G16: =E16*F16 -> 0 | J16: =H16*I16 -> 0 | K16: 9 | L16: 0.444 | M16: =K16*L16 -> 3.996 | P16: =N16*O16 -> 0 | R16: =B16+E16+H16+K16+N16 -> 9 | S16: =(D16+G16+J16+M16+P16)/R16 -> 0.444 | T16: =R16/$V$3 -> 0.037974684 | U16: =R16 / _xlfn.XLOOKUP(A16, Top!A:A, Top!AA:AA) -> 0.034749035
A17: Camille | D17: =B17*C17 -> 0 | G17: =E17*F17 -> 0 | H17: 3 | I17: 0.333 | J17: =H17*I17 -> 0.999 | M17: =K17*L17 -> 0 | P17: =N17*O17 -> 0 | R17: =B17+E17+H17+K17+N17 -> 3 | S17: =(D17+G17+J17+M17+P17)/R17 -> 0.333 | T17: =R17/$V$3 -> 0.012658228 | U17: =R17 / _xlfn.XLOOKUP(A17, Top!A:A, Top!AA:AA) -> 0.02189781
A18: Gwen | B18: 1 | C18: 1 | D18: =B18*C18 -> 1 | E18: 1 | F18: 0 | G18: =E18*F18 -> 0 | J18: =H18*I18 -> 0 | K18: 10 | L18: 0.2 | M18: =K18*L18 -> 2 | N18: 1 | O18: 1 | P18: =N18*O18 -> 1 | R18: =B18+E18+H18+K18+N18 -> 13 | S18: =(D18+G18+J18+M18+P18)/R18 -> 0.30769231 | T18: =R18/$V$3 -> 0.054852321 | U18: =R18 / _xlfn.XLOOKUP(A18, Top!A:A, Top!AA:AA) -> 0.034120735
A19: Udyr | D19: =B19*C19 -> 0 | G19: =E19*F19 -> 0 | H19: 8 | I19: 0.25 | J19: =H19*I19 -> 2 | M19: =K19*L19 -> 0 | P19: =N19*O19 -> 0 | R19: =B19+E19+H19+K19+N19 -> 8 | S19: =(D19+G19+J19+M19+P19)/R19 -> 0.25 | T19: =R19/$V$3 -> 0.033755274 | U19: =R19 / _xlfn.XLOOKUP(A19, Top!A:A, Top!AA:AA) -> 0.125
A20: Ambessa | D20: =B20*C20 -> 0 | G20: =E20*F20 -> 0 | J20: =H20*I20 -> 0 | K20: 8 | L20: 0.25 | M20: =K20*L20 -> 2 | N20: 2 | O20: 0 | P20: =N20*O20 -> 0 | R20: =B20+E20+H20+K20+N20 -> 10 | S20: =(D20+G20+J20+M20+P20)/R20 -> 0.2 | T20: =R20/$V$3 -> 0.042194093 | U20: =R20 / _xlfn.XLOOKUP(A20, Top!A:A, Top!AA:AA) -> 0.052083333
A21: Aurora | D21: =B21*C21 -> 0 | G21: =E21*F21 -> 0 | H21: 1 | I21: 0 | J21: =H21*I21 -> 0 | K21: 2 | L21: 0 | M21: =K21*L21 -> 0 | N21: 1 | O21: 0 | P21: =N21*O21 -> 0 | R21: =B21+E21+H21+K21+N21 -> 4 | S21: =(D21+G21+J21+M21+P21)/R21 -> 0 | T21: =R21/$V$3 -> 0.016877637 | U21: =R21 / _xlfn.XLOOKUP(A21, Top!A:A, Top!AA:AA) -> 0.051948052
A22: Skarner | D22: =B22*C22 -> 0 | G22: =E22*F22 -> 0 | H22: 4 | I22: 0 | J22: =H22*I22 -> 0 | M22: =K22*L22 -> 0 | P22: =N22*O22 -> 0 | R22: =B22+E22+H22+K22+N22 -> 4 | S22: =(D22+G22+J22+M22+P22)/R22 -> 0 | T22: =R22/$V$3 -> 0.016877637 | U22: =R22 / _xlfn.XLOOKUP(A22, Top!A:A, Top!AA:AA) -> 0.085106383
A23: Ornn | D23: =B23*C23 -> 0 | G23: =E23*F23 -> 0 | H23: 2 | I23: 0 | J23: =H23*I23 -> 0 | M23: =K23*L23 -> 0 | N23: 1 | O23: 0 | P23: =N23*O23 -> 0 | R23: =B23+E23+H23+K23+N23 -> 3 | S23: =(D23+G23+J23+M23+P23)/R23 -> 0 | T23: =R23/$V$3 -> 0.012658228 | U23: =R23 / _xlfn.XLOOKUP(A23, Top!A:A, Top!AA:AA) -> 0.014018692
A24: Poppy | D24: =B24*C24 -> 0 | G24: =E24*F24 -> 0 | H24: 2 | I24: 0 | J24: =H24*I24 -> 0 | M24: =K24*L24 -> 0 | P24: =N24*O24 -> 0 | R24: =B24+E24+H24+K24+N24 -> 2 | S24: =(D24+G24+J24+M24+P24)/R24 -> 0 | T24: =R24/$V$3 -> 0.0084388186 | U24: =R24 / _xlfn.XLOOKUP(A24, Top!A:A, Top!AA:AA) -> 0.033333333
A25: Darius | D25: =B25*C25 -> 0 | G25: =E25*F25 -> 0 | H25: 1 | I25: 0 | J25: =H25*I25 -> 0 | M25: =K25*L25 -> 0 | P25: =N25*O25 -> 0 | R25: =B25+E25+H25+K25+N25 -> 1 | S25: =(D25+G25+J25+M25+P25)/R25 -> 0 | T25: =R25/$V$3 -> 0.0042194093 | U25: =R25 / _xlfn.XLOOKUP(A25, Top!A:A, Top!AA:AA) -> 0.071428571
A26: Zac | D26: =B26*C26 -> 0 | G26: =E26*F26 -> 0 | H26: 1 | I26: 0 | J26: =H26*I26 -> 0 | M26: =K26*L26 -> 0 | P26: =N26*O26 -> 0 | R26: =B26+E26+H26+K26+N26 -> 1 | S26: =(D26+G26+J26+M26+P26)/R26 -> 0 | T26: =R26/$V$3 -> 0.0042194093 | U26: =R26 / _xlfn.XLOOKUP(A26, Top!A:A, Top!AA:AA) -> 0.055555556
D27: =B27*C27 -> 0 | G27: =E27*F27 -> 0 | J27: =H27*I27 -> 0 | M27: =K27*L27 -> 0 | P27: =N27*O27 -> 0 | R27: =B27+E27+H27+K27+N27 -> 0 | S27: =(D27+G27+J27+M27+P27)/R27 -> #DIV/0! | T27: =R27/$V$3 -> 0 | U27: =R27 / _xlfn.XLOOKUP(A27, Top!A:A, Top!AA:AA) -> #DIV/0!
D28: =B28*C28 -> 0 | G28: =E28*F28 -> 0 | J28: =H28*I28 -> 0 | M28: =K28*L28 -> 0 | P28: =N28*O28 -> 0 | R28: =B28+E28+H28+K28+N28 -> 0 | S28: =(D28+G28+J28+M28+P28)/R28 -> #DIV/0! | T28: =R28/$V$3 -> 0 | U28: =R28 / _xlfn.XLOOKUP(A28, Top!A:A, Top!AA:AA) -> #DIV/0!
D29: =B29*C29 -> 0 | G29: =E29*F29 -> 0 | J29: =H29*I29 -> 0 | M29: =K29*L29 -> 0 | P29: =N29*O29 -> 0 | R29: =B29+E29+H29+K29+N29 -> 0 | S29: =(D29+G29+J29+M29+P29)/R29 -> #DIV/0! | T29: =R29/$V$3 -> 0 | U29: =R29 / _xlfn.XLOOKUP(A29, Top!A:A, Top!AA:AA) -> #DIV/0!
D30: =B30*C30 -> 0 | G30: =E30*F30 -> 0 | J30: =H30*I30 -> 0 | M30: =K30*L30 -> 0 | P30: =N30*O30 -> 0 | R30: =B30+E30+H30+K30+N30 -> 0 | S30: =(D30+G30+J30+M30+P30)/R30 -> #DIV/0! | T30: =R30/$V$3 -> 0 | U30: =R30 / _xlfn.XLOOKUP(A30, Top!A:A, Top!AA:AA) -> #DIV/0!
D31: =B31*C31 -> 0 | G31: =E31*F31 -> 0 | J31: =H31*I31 -> 0 | M31: =K31*L31 -> 0 | P31: =N31*O31 -> 0 | R31: =B31+E31+H31+K31+N31 -> 0 | S31: =(D31+G31+J31+M31+P31)/R31 -> #DIV/0! | T31: =R31/$V$3 -> 0 | U31: =R31 / _xlfn.XLOOKUP(A31, Top!A:A, Top!AA:AA) -> #DIV/0!
D32: =B32*C32 -> 0 | G32: =E32*F32 -> 0 | J32: =H32*I32 -> 0 | M32: =K32*L32 -> 0 | P32: =N32*O32 -> 0 | R32: =B32+E32+H32+K32+N32 -> 0 | S32: =(D32+G32+J32+M32+P32)/R32 -> #DIV/0! | T32: =R32/$V$3 -> 0 | U32: =R32 / _xlfn.XLOOKUP(A32, Top!A:A, Top!AA:AA) -> #DIV/0!
D33: =B33*C33 -> 0 | G33: =E33*F33 -> 0 | J33: =H33*I33 -> 0 | M33: =K33*L33 -> 0 | P33: =N33*O33 -> 0 | R33: =B33+E33+H33+K33+N33 -> 0 | S33: =(D33+G33+J33+M33+P33)/R33 -> #DIV/0! | T33: =R33/$V$3 -> 0 | U33: =R33 / _xlfn.XLOOKUP(A33, Top!A:A, Top!AA:AA) -> #DIV/0!
D34: =B34*C34 -> 0 | G34: =E34*F34 -> 0 | J34: =H34*I34 -> 0 | M34: =K34*L34 -> 0 | P34: =N34*O34 -> 0 | R34: =B34+E34+H34+K34+N34 -> 0 | S34: =(D34+G34+J34+M34+P34)/R34 -> #DIV/0! | T34: =R34/$V$3 -> 0 | U34: =R34 / _xlfn.XLOOKUP(A34, Top!A:A, Top!AA:AA) -> #DIV/0!
D35: =B35*C35 -> 0 | G35: =E35*F35 -> 0 | J35: =H35*I35 -> 0 | M35: =K35*L35 -> 0 | P35: =N35*O35 -> 0 | R35: =B35+E35+H35+K35+N35 -> 0 | S35: =(D35+G35+J35+M35+P35)/R35 -> #DIV/0! | T35: =R35/$V$3 -> 0 | U35: =R35 / _xlfn.XLOOKUP(A35, Top!A:A, Top!AA:AA) -> #DIV/0!

Sheet DnDn
A1: DnDn | B1: 2022 | E1: 2023 | H1: 2024 | K1: 2025 | N1: 2026 | R1: Total per Champ: | V1: Total:
A2: Champion | B2: Games | C2: Winrate | D2: Wins | E2: Games | F2: Winrate | G2: Wins | H2: Games | I2: Winrate | J2: Wins | K2: Games | L2: Winrate | M2: Wins | N2: Games | O2: Winrate | P2: Wins | R2: Games | S2: Winrate | T2: %Pick | U2: %Total | V2: Games | W2: Winrate
A3: Akali | D3: =B3*C3 -> 0 | G3: =E3*F3 -> 0 | J3: =H3*I3 -> 0 | M3: =K3*L3 -> 0 | P3: =N3*O3 -> 0 | R3: =B3+E3+H3+K3+N3 -> 0 | S3: =(D3+G3+J3+M3+P3)/R3 -> #DIV/0! | T3: =R3/$V$3 -> 0 | U3: =R3 / _xlfn.XLOOKUP(A3, Top!A:A, Top!AA:AA) -> 0 | V3: =SUM(R3:R41) -> 142 | W3: =(SUM(D3:D71)+SUM(G3:G71)+SUM(J3:J71)+SUM(M3:M71)+SUM(P3:P71)) / V3 -> 0.27459155
A4: Gankplank | D4: =B4*C4 -> 0 | E4: 1 | F4: 1 | G4: =E4*F4 -> 1 | J4: =H4*I4 -> 0 | M4: =K4*L4 -> 0 | P4: =N4*O4 -> 0 | R4: =B4+E4+H4+K4+N4 -> 1 | S4: =(D4+G4+J4+M4+P4)/R4 -> 1 | T4: =R4/$V$3 -> 0.0070422535 | U4: =R4 / _xlfn.XLOOKUP(A4, Top!A:A, Top!AA:AA) -> 0.0083333333
A5: Gnar | D5: =B5*C5 -> 0 | E5: 2 | F5: 0.5 | G5: =E5*F5 -> 1 | H5: 3 | I5: 0.667 | J5: =H5*I5 -> 2.001 | M5: =K5*L5 -> 0 | P5: =N5*O5 -> 0 | R5: =B5+E5+H5+K5+N5 -> 5 | S5: =(D5+G5+J5+M5+P5)/R5 -> 0.6002 | T5: =R5/$V$3 -> 0.035211268 | U5: =R5 / _xlfn.XLOOKUP(A5, Top!A:A, Top!AA:AA) -> 0.0094161959
A6: Skarner | D6: =B6*C6 -> 0 | G6: =E6*F6 -> 0 | H6: 4 | I6: 0.5 | J6: =H6*I6 -> 2 | M6: =K6*L6 -> 0 | P6: =N6*O6 -> 0 | R6: =B6+E6+H6+K6+N6 -> 4 | S6: =(D6+G6+J6+M6+P6)/R6 -> 0.5 | T6: =R6/$V$3 -> 0.028169014 | U6: =R6 / _xlfn.XLOOKUP(A6, Top!A:A, Top!AA:AA) -> 0.085106383
A7: Darius | D7: =B7*C7 -> 0 | E7: 2 | F7: 0.5 | G7: =E7*F7 -> 1 | J7: =H7*I7 -> 0 | M7: =K7*L7 -> 0 | P7: =N7*O7 -> 0 | R7: =B7+E7+H7+K7+N7 -> 2 | S7: =(D7+G7+J7+M7+P7)/R7 -> 0.5 | T7: =R7/$V$3 -> 0.014084507 | U7: =R7 / _xlfn.XLOOKUP(A7, Top!A:A, Top!AA:AA) -> 0.14285714
A8: K'Sante | D8: =B8*C8 -> 0 | E8: 27 | F8: 0.37 | G8: =E8*F8 -> 9.99 | H8: 12 | I8: 0.5 | J8: =H8*I8 -> 6 | M8: =K8*L8 -> 0 | P8: =N8*O8 -> 0 | R8: =B8+E8+H8+K8+N8 -> 39 | S8: =(D8+G8+J8+M8+P8)/R8 -> 0.41 | T8: =R8/$V$3 -> 0.27464789 | U8: =R8 / _xlfn.XLOOKUP(A8, Top!A:A, Top!AA:AA) -> 0.058383234
A9: Poppy | D9: =B9*C9 -> 0 | E9: 4 | F9: 0.5 | G9: =E9*F9 -> 2 | H9: 1 | I9: 0 | J9: =H9*I9 -> 0 | M9: =K9*L9 -> 0 | P9: =N9*O9 -> 0 | R9: =B9+E9+H9+K9+N9 -> 5 | S9: =(D9+G9+J9+M9+P9)/R9 -> 0.4 | T9: =R9/$V$3 -> 0.035211268 | U9: =R9 / _xlfn.XLOOKUP(A9, Top!A:A, Top!AA:AA) -> 0.083333333
A10: Udyr | D10: =B10*C10 -> 0 | G10: =E10*F10 -> 0 | H10: 14 | I10: 0.357 | J10: =H10*I10 -> 4.998 | M10: =K10*L10 -> 0 | P10: =N10*O10 -> 0 | R10: =B10+E10+H10+K10+N10 -> 14 | S10: =(D10+G10+J10+M10+P10)/R10 -> 0.357 | T10: =R10/$V$3 -> 0.098591549 | U10: =R10 / _xlfn.XLOOKUP(A10, Top!A:A, Top!AA:AA) -> 0.21875
A11: Renekton | D11: =B11*C11 -> 0 | E11: 16 | F11: 0.375 | G11: =E11*F11 -> 6 | H11: 5 | I11: 0.2 | J11: =H11*I11 -> 1 | M11: =K11*L11 -> 0 | P11: =N11*O11 -> 0 | R11: =B11+E11+H11+K11+N11 -> 21 | S11: =(D11+G11+J11+M11+P11)/R11 -> 0.33333333 | T11: =R11/$V$3 -> 0.14788732 | U11: =R11 / _xlfn.XLOOKUP(A11, Top!A:A, Top!AA:AA) -> 0.04109589
A12: Sion | D12: =B12*C12 -> 0 | E12: 6 | F12: 0.167 | G12: =E12*F12 -> 1.002 | J12: =H12*I12 -> 0 | M12: =K12*L12 -> 0 | P12: =N12*O12 -> 0 | R12: =B12+E12+H12+K12+N12 -> 6 | S12: =(D12+G12+J12+M12+P12)/R12 -> 0.167 | T12: =R12/$V$3 -> 0.042253521 | U12: =R12 / _xlfn.XLOOKUP(A12, Top!A:A, Top!AA:AA) -> 0.025531915
A13: Jax | D13: =B13*C13 -> 0 | E13: 8 | F13: 0 | G13: =E13*F13 -> 0 | H13: 7 | I13: 0.143 | J13: =H13*I13 -> 1.001 | M13: =K13*L13 -> 0 | P13: =N13*O13 -> 0 | R13: =B13+E13+H13+K13+N13 -> 15 | S13: =(D13+G13+J13+M13+P13)/R13 -> 0.066733333 | T13: =R13/$V$3 -> 0.1056338 | U13: =R13 / _xlfn.XLOOKUP(A13, Top!A:A, Top!AA:AA) -> 0.036407767
A14: Aatrox | D14: =B14*C14 -> 0 | E14: 2 | F14: 0 | G14: =E14*F14 -> 0 | H14: 5 | I14: 0 | J14: =H14*I14 -> 0 | M14: =K14*L14 -> 0 | P14: =N14*O14 -> 0 | R14: =B14+E14+H14+K14+N14 -> 7 | S14: =(D14+G14+J14+M14+P14)/R14 -> 0 | T14: =R14/$V$3 -> 0.049295775 | U14: =R14 / _xlfn.XLOOKUP(A14, Top!A:A, Top!AA:AA) -> 0.021472393
A15: Akshan | B15: 1 | C15: 0 | D15: =B15*C15 -> 0 | G15: =E15*F15 -> 0 | J15: =H15*I15 -> 0 | M15: =K15*L15 -> 0 | P15: =N15*O15 -> 0 | R15: =B15+E15+H15+K15+N15 -> 1 | S15: =(D15+G15+J15+M15+P15)/R15 -> 0 | T15: =R15/$V$3 -> 0.0070422535 | U15: =R15 / _xlfn.XLOOKUP(A15, Top!A:A, Top!AA:AA) -> 0.2
A16: Fiora | D16: =B16*C16 -> 0 | E16: 1 | F16: 0 | G16: =E16*F16 -> 0 | J16: =H16*I16 -> 0 | M16: =K16*L16 -> 0 | P16: =N16*O16 -> 0 | R16: =B16+E16+H16+K16+N16 -> 1 | S16: =(D16+G16+J16+M16+P16)/R16 -> 0 | T16: =R16/$V$3 -> 0.0070422535 | U16: =R16 / _xlfn.XLOOKUP(A16, Top!A:A, Top!AA:AA) -> 0.011904762
A17: Gragas | B17: 1 | C17: 0 | D17: =B17*C17 -> 0 | E17: 4 | F17: 0 | G17: =E17*F17 -> 0 | J17: =H17*I17 -> 0 | M17: =K17*L17 -> 0 | P17: =N17*O17 -> 0 | R17: =B17+E17+H17+K17+N17 -> 5 | S17: =(D17+G17+J17+M17+P17)/R17 -> 0 | T17: =R17/$V$3 -> 0.035211268 | U17: =R17 / _xlfn.XLOOKUP(A17, Top!A:A, Top!AA:AA) -> 0.023148148
A18: Gwen | D18: =B18*C18 -> 0 | E18: 2 | F18: 0 | G18: =E18*F18 -> 0 | J18: =H18*I18 -> 0 | M18: =K18*L18 -> 0 | P18: =N18*O18 -> 0 | R18: =B18+E18+H18+K18+N18 -> 2 | S18: =(D18+G18+J18+M18+P18)/R18 -> 0 | T18: =R18/$V$3 -> 0.014084507 | U18: =R18 / _xlfn.XLOOKUP(A18, Top!A:A, Top!AA:AA) -> 0.0052493438
A19: Irelia | D19: =B19*C19 -> 0 | E19: 1 | F19: 0 | G19: =E19*F19 -> 0 | J19: =H19*I19 -> 0 | M19: =K19*L19 -> 0 | P19: =N19*O19 -> 0 | R19: =B19+E19+H19+K19+N19 -> 1 | S19: =(D19+G19+J19+M19+P19)/R19 -> 0 | T19: =R19/$V$3 -> 0.0070422535 | U19: =R19 / _xlfn.XLOOKUP(A19, Top!A:A, Top!AA:AA) -> 0.055555556
A20: Jayce | D20: =B20*C20 -> 0 | E20: 2 | F20: 0 | G20: =E20*F20 -> 0 | J20: =H20*I20 -> 0 | M20: =K20*L20 -> 0 | P20: =N20*O20 -> 0 | R20: =B20+E20+H20+K20+N20 -> 2 | S20: =(D20+G20+J20+M20+P20)/R20 -> 0 | T20: =R20/$V$3 -> 0.014084507 | U20: =R20 / _xlfn.XLOOKUP(A20, Top!A:A, Top!AA:AA) -> 0.0077220077
A21: LeBlanc | D21: =B21*C21 -> 0 | E21: 1 | F21: 0 | G21: =E21*F21 -> 0 | J21: =H21*I21 -> 0 | M21: =K21*L21 -> 0 | P21: =N21*O21 -> 0 | R21: =B21+E21+H21+K21+N21 -> 1 | S21: =(D21+G21+J21+M21+P21)/R21 -> 0 | T21: =R21/$V$3 -> 0.0070422535 | U21: =R21 / _xlfn.XLOOKUP(A21, Top!A:A, Top!AA:AA) -> 0.5
A22: Malphite | D22: =B22*C22 -> 0 | E22: 1 | F22: 0 | G22: =E22*F22 -> 0 | J22: =H22*I22 -> 0 | M22: =K22*L22 -> 0 | P22: =N22*O22 -> 0 | R22: =B22+E22+H22+K22+N22 -> 1 | S22: =(D22+G22+J22+M22+P22)/R22 -> 0 | T22: =R22/$V$3 -> 0.0070422535 | U22: =R22 / _xlfn.XLOOKUP(A22, Top!A:A, Top!AA:AA) -> 0.027777778
A23: Maokai | D23: =B23*C23 -> 0 | E23: 1 | F23: 0 | G23: =E23*F23 -> 0 | J23: =H23*I23 -> 0 | M23: =K23*L23 -> 0 | P23: =N23*O23 -> 0 | R23: =B23+E23+H23+K23+N23 -> 1 | S23: =(D23+G23+J23+M23+P23)/R23 -> 0 | T23: =R23/$V$3 -> 0.0070422535 | U23: =R23 / _xlfn.XLOOKUP(A23, Top!A:A, Top!AA:AA) -> 0.052631579
A24: Ornn | D24: =B24*C24 -> 0 | E24: 2 | F24: 0 | G24: =E24*F24 -> 0 | J24: =H24*I24 -> 0 | M24: =K24*L24 -> 0 | P24: =N24*O24 -> 0 | R24: =B24+E24+H24+K24+N24 -> 2 | S24: =(D24+G24+J24+M24+P24)/R24 -> 0 | T24: =R24/$V$3 -> 0.014084507 | U24: =R24 / _xlfn.XLOOKUP(A24, Top!A:A, Top!AA:AA) -> 0.0093457944
A25: Sejuani | D25: =B25*C25 -> 0 | E25: 1 | F25: 0 | G25: =E25*F25 -> 0 | J25: =H25*I25 -> 0 | M25: =K25*L25 -> 0 | P25: =N25*O25 -> 0 | R25: =B25+E25+H25+K25+N25 -> 1 | S25: =(D25+G25+J25+M25+P25)/R25 -> 0 | T25: =R25/$V$3 -> 0.0070422535 | U25: =R25 / _xlfn.XLOOKUP(A25, Top!A:A, Top!AA:AA) -> 0.013513514
A26: Twisted Fate | D26: =B26*C26 -> 0 | G26: =E26*F26 -> 0 | H26: 1 | I26: 0 | J26: =H26*I26 -> 0 | M26: =K26*L26 -> 0 | P26: =N26*O26 -> 0 | R26: =B26+E26+H26+K26+N26 -> 1 | S26: =(D26+G26+J26+M26+P26)/R26 -> 0 | T26: =R26/$V$3 -> 0.0070422535 | U26: =R26 / _xlfn.XLOOKUP(A26, Top!A:A, Top!AA:AA) -> 0.020833333
A27: Vayne | D27: =B27*C27 -> 0 | G27: =E27*F27 -> 0 | H27: 1 | I27: 0 | J27: =H27*I27 -> 0 | M27: =K27*L27 -> 0 | P27: =N27*O27 -> 0 | R27: =B27+E27+H27+K27+N27 -> 1 | S27: =(D27+G27+J27+M27+P27)/R27 -> 0 | T27: =R27/$V$3 -> 0.0070422535 | U27: =R27 / _xlfn.XLOOKUP(A27, Top!A:A, Top!AA:AA) -> 0.058823529
A28: Yone | D28: =B28*C28 -> 0 | G28: =E28*F28 -> 0 | H28: 2 | I28: 0 | J28: =H28*I28 -> 0 | M28: =K28*L28 -> 0 | P28: =N28*O28 -> 0 | R28: =B28+E28+H28+K28+N28 -> 2 | S28: =(D28+G28+J28+M28+P28)/R28 -> 0 | T28: =R28/$V$3 -> 0.014084507 | U28: =R28 / _xlfn.XLOOKUP(A28, Top!A:A, Top!AA:AA) -> 0.074074074
A29: Trundle | D29: =B29*C29 -> 0 | E29: 1 | F29: 0 | G29: =E29*F29 -> 0 | J29: =H29*I29 -> 0 | M29: =K29*L29 -> 0 | P29: =N29*O29 -> 0 | R29: =B29+E29+H29+K29 -> 1 | S29: =(D29+G29+J29+M29+P29)/R29 -> 0 | T29: =D29+G29+J29+M29 -> 0 | U29: =R29 / _xlfn.XLOOKUP(A29, Top!A:A, Top!AA:AA) -> 1

Sheet Doran
A1: Doran | B1: 2022 | E1: 2023 | H1: 2024 | K1: 2025 | N1: 2026 | R1: Total per Champ: | V1: Total:
A2: Champion | B2: Games | C2: Winrate | D2: Wins | E2: Games | F2: Winrate | G2: Wins | H2: Games | I2: Winrate | J2: Wins | K2: Games | L2: Winrate | M2: Wins | N2: Games | O2: Winrate | P2: Wins | R2: Games | S2: Winrate | T2: %Pick | U2: %Total | V2: Games | W2: Winrate
A3: Twisted Fate | D3: =B3*C3 -> 0 | G3: =E3*F3 -> 0 | H3: 4 | I3: 1 | J3: =H3*I3 -> 4 | M3: =K3*L3 -> 0 | P3: =N3*O3 -> 0 | R3: =B3+E3+H3+K3+N3 -> 4 | S3: =(D3+G3+J3+M3+P3)/R3 -> 1 | T3: =R3/$V$3 -> 0.0072595281 | U3: =R3 / _xlfn.XLOOKUP(A3, Top!A:A, Top!AA:AA) -> 0.083333333 | V3: =SUM(R3:R70) -> 551 | W3: =(SUM(D3:D100)+SUM(G3:G100)+SUM(J3:J100)+SUM(M3:M100)+SUM(P3:P100)) / V3 -> 0.6837078
A4: Udyr | D4: =B4*C4 -> 0 | G4: =E4*F4 -> 0 | H4: 4 | I4: 1 | J4: =H4*I4 -> 4 | M4: =K4*L4 -> 0 | P4: =N4*O4 -> 0 | R4: =B4+E4+H4+K4+N4 -> 4 | S4: =(D4+G4+J4+M4+P4)/R4 -> 1 | T4: =R4/$V$3 -> 0.0072595281 | U4: =R4 / _xlfn.XLOOKUP(A4, Top!A:A, Top!AA:AA) -> 0.0625
A5: Galio | D5: =B5*C5 -> 0 | G5: =E5*F5 -> 0 | J5: =H5*I5 -> 0 | K5: 3 | L5: 1 | M5: =K5*L5 -> 3 | P5: =N5*O5 -> 0 | R5: =B5+E5+H5+K5+N5 -> 3 | S5: =(D5+G5+J5+M5+P5)/R5 -> 1 | T5: =R5/$V$3 -> 0.0054446461 | U5: =R5 / _xlfn.XLOOKUP(A5, Top!A:A, Top!AA:AA) -> 0.125
A6: Mordekaiser | D6: =B6*C6 -> 0 | G6: =E6*F6 -> 0 | H6: 1 | I6: 1 | J6: =H6*I6 -> 1 | K6: 1 | L6: 1 | M6: =K6*L6 -> 1 | P6: =N6*O6 -> 0 | R6: =B6+E6+H6+K6+N6 -> 2 | S6: =(D6+G6+J6+M6+P6)/R6 -> 1 | T6: =R6/$V$3 -> 0.0036297641 | U6: =R6 / _xlfn.XLOOKUP(A6, Top!A:A, Top!AA:AA) -> 0.090909091
A7: Zaahen | D7: =B7*C7 -> 0 | G7: =E7*F7 -> 0 | J7: =H7*I7 -> 0 | M7: =K7*L7 -> 0 | N7: 2 | O7: 1 | P7: =N7*O7 -> 2 | R7: =B7+E7+H7+K7+N7 -> 2 | S7: =(D7+G7+J7+M7+P7)/R7 -> 1 | T7: =R7/$V$3 -> 0.0036297641 | U7: =R7 / _xlfn.XLOOKUP(A7, Top!A:A, Top!AA:AA) -> 0.14285714
A8: Nasus | D8: =B8*C8 -> 0 | G8: =E8*F8 -> 0 | H8: 1 | I8: 1 | J8: =H8*I8 -> 1 | M8: =K8*L8 -> 0 | P8: =N8*O8 -> 0 | R8: =B8+E8+H8+K8+N8 -> 1 | S8: =(D8+G8+J8+M8+P8)/R8 -> 1 | T8: =R8/$V$3 -> 0.001814882 | U8: =R8 / _xlfn.XLOOKUP(A8, Top!A:A, Top!AA:AA) -> 0.2
A9: Nidalee | D9: =B9*C9 -> 0 | G9: =E9*F9 -> 0 | J9: =H9*I9 -> 0 | K9: 1 | L9: 1 | M9: =K9*L9 -> 1 | P9: =N9*O9 -> 0 | R9: =B9+E9+H9+K9+N9 -> 1 | S9: =(D9+G9+J9+M9+P9)/R9 -> 1 | T9: =R9/$V$3 -> 0.001814882 | U9: =R9 / _xlfn.XLOOKUP(A9, Top!A:A, Top!AA:AA) -> 0.1
A10: Tristana | D10: =B10*C10 -> 0 | E10: 1 | F10: 1 | G10: =E10*F10 -> 1 | J10: =H10*I10 -> 0 | M10: =K10*L10 -> 0 | P10: =N10*O10 -> 0 | R10: =B10+E10+H10+K10+N10 -> 1 | S10: =(D10+G10+J10+M10+P10)/R10 -> 1 | T10: =R10/$V$3 -> 0.001814882 | U10: =R10 / _xlfn.XLOOKUP(A10, Top!A:A, Top!AA:AA) -> 0.33333333
A11: Vladimir | D11: =B11*C11 -> 0 | G11: =E11*F11 -> 0 | H11: 1 | I11: 1 | J11: =H11*I11 -> 1 | M11: =K11*L11 -> 0 | P11: =N11*O11 -> 0 | R11: =B11+E11+H11+K11+N11 -> 1 | S11: =(D11+G11+J11+M11+P11)/R11 -> 1 | T11: =R11/$V$3 -> 0.001814882 | U11: =R11 / _xlfn.XLOOKUP(A11, Top!A:A, Top!AA:AA) -> 0.076923077
A12: Gankplank | B12: 9 | C12: 0.889 | D12: =B12*C12 -> 8.001 | E12: 5 | F12: 1 | G12: =E12*F12 -> 5 | J12: =H12*I12 -> 0 | K12: 1 | L12: 1 | M12: =K12*L12 -> 1 | P12: =N12*O12 -> 0 | R12: =B12+E12+H12+K12+N12 -> 15 | S12: =(D12+G12+J12+M12+P12)/R12 -> 0.9334 | T12: =R12/$V$3 -> 0.02722323 | U12: =R12 / _xlfn.XLOOKUP(A12, Top!A:A, Top!AA:AA) -> 0.125
A13: Akali | B13: 4 | C13: 1 | D13: =B13*C13 -> 4 | G13: =E13*F13 -> 0 | J13: =H13*I13 -> 0 | K13: 1 | L13: 0 | M13: =K13*L13 -> 0 | N13: 1 | O13: 1 | P13: =N13*O13 -> 1 | R13: =B13+E13+H13+K13+N13 -> 6 | S13: =(D13+G13+J13+M13+P13)/R13 -> 0.83333333 | T13: =R13/$V$3 -> 0.010889292 | U13: =R13 / _xlfn.XLOOKUP(A13, Top!A:A, Top!AA:AA) -> 0.13333333
A14: Graves | B14: 6 | C14: 0.833 | D14: =B14*C14 -> 4.998 | G14: =E14*F14 -> 0 | J14: =H14*I14 -> 0 | M14: =K14*L14 -> 0 | P14: =N14*O14 -> 0 | R14: =B14+E14+H14+K14+N14 -> 6 | S14: =(D14+G14+J14+M14+P14)/R14 -> 0.833 | T14: =R14/$V$3 -> 0.010889292 | U14: =R14 / _xlfn.XLOOKUP(A14, Top!A:A, Top!AA:AA) -> 0.12244898
A15: Gragas | B15: 6 | C15: 0.833 | D15: =B15*C15 -> 4.998 | E15: 10 | F15: 0.8 | G15: =E15*F15 -> 8 | J15: =H15*I15 -> 0 | K15: 7 | L15: 0.714 | M15: =K15*L15 -> 4.998 | P15: =N15*O15 -> 0 | R15: =B15+E15+H15+K15+N15 -> 23 | S15: =(D15+G15+J15+M15+P15)/R15 -> 0.78243478 | T15: =R15/$V$3 -> 0.041742287 | U15: =R15 / _xlfn.XLOOKUP(A15, Top!A:A, Top!AA:AA) -> 0.10648148
A16: Camille | B16: 6 | C16: 0.833 | D16: =B16*C16 -> 4.998 | E16: 3 | F16: 0.667 | G16: =E16*F16 -> 2.001 | H16: 2 | I16: 0.5 | J16: =H16*I16 -> 1 | K16: 6 | L16: 0.833 | M16: =K16*L16 -> 4.998 | P16: =N16*O16 -> 0 | R16: =B16+E16+H16+K16+N16 -> 17 | S16: =(D16+G16+J16+M16+P16)/R16 -> 0.76452941 | T16: =R16/$V$3 -> 0.030852995 | U16: =R16 / _xlfn.XLOOKUP(A16, Top!A:A, Top!AA:AA) -> 0.12408759
A17: Tryndamere | B17: 5 | C17: 0.75 | D17: =B17*C17 -> 3.75 | G17: =E17*F17 -> 0 | J17: =H17*I17 -> 0 | M17: =K17*L17 -> 0 | P17: =N17*O17 -> 0 | R17: =B17+E17+H17+K17+N17 -> 5 | S17: =(D17+G17+J17+M17+P17)/R17 -> 0.75 | T17: =R17/$V$3 -> 0.0090744102 | U17: =R17 / _xlfn.XLOOKUP(A17, Top!A:A, Top!AA:AA) -> 0.10869565
A18: Sejuani | B18: 7 | C18: 0.714 | D18: =B18*C18 -> 4.998 | E18: 1 | F18: 1 | G18: =E18*F18 -> 1 | J18: =H18*I18 -> 0 | M18: =K18*L18 -> 0 | P18: =N18*O18 -> 0 | R18: =B18+E18+H18+K18+N18 -> 8 | S18: =(D18+G18+J18+M18+P18)/R18 -> 0.74975 | T18: =R18/$V$3 -> 0.014519056 | U18: =R18 / _xlfn.XLOOKUP(A18, Top!A:A, Top!AA:AA) -> 0.10810811
A19: Rumble | B19: 1 | C19: 1 | D19: =B19*C19 -> 1 | E19: 4 | F19: 1 | G19: =E19*F19 -> 4 | H19: 11 | I19: 0.727 | J19: =H19*I19 -> 7.997 | K19: 20 | L19: 0.65 | M19: =K19*L19 -> 13 | N19: 1 | O19: 1 | P19: =N19*O19 -> 1 | R19: =B19+E19+H19+K19+N19 -> 37 | S19: =(D19+G19+J19+M19+P19)/R19 -> 0.72964865 | T19: =R19/$V$3 -> 0.067150635 | U19: =R19 / _xlfn.XLOOKUP(A19, Top!A:A, Top!AA:AA) -> 0.094871795
A20: K'Sante | D20: =B20*C20 -> 0 | E20: 23 | F20: 0.783 | G20: =E20*F20 -> 18.009 | H20: 16 | I20: 0.625 | J20: =H20*I20 -> 10 | K20: 9 | L20: 0.667 | M20: =K20*L20 -> 6.003 | N20: 2 | O20: 1 | P20: =N20*O20 -> 2 | R20: =B20+E20+H20+K20+N20 -> 50 | S20: =(D20+G20+J20+M20+P20)/R20 -> 0.72024 | T20: =R20/$V$3 -> 0.090744102 | U20: =R20 / _xlfn.XLOOKUP(A20, Top!A:A, Top!AA:AA) -> 0.074850299
A21: Jax | D21: =B21*C21 -> 0 | E21: 22 | F21: 0.818 | G21: =E21*F21 -> 17.996 | H21: 14 | I21: 0.857 | J21: =H21*I21 -> 11.998 | K21: 13 | L21: 0.461 | M21: =K21*L21 -> 5.993 | N21: 1 | O21: 0 | P21: =N21*O21 -> 0 | R21: =B21+E21+H21+K21+N21 -> 50 | S21: =(D21+G21+J21+M21+P21)/R21 -> 0.71974 | T21: =R21/$V$3 -> 0.090744102 | U21: =R21 / _xlfn.XLOOKUP(A21, Top!A:A, Top!AA:AA) -> 0.12135922
A22: Gnar | B22: 19 | C22: 0.842 | D22: =B22*C22 -> 15.998 | E22: 16 | F22: 0.688 | G22: =E22*F22 -> 11.008 | H22: 16 | I22: 0.625 | J22: =H22*I22 -> 10 | K22: 3 | L22: 0.667 | M22: =K22*L22 -> 2.001 | N22: 2 | O22: 0.5 | P22: =N22*O22 -> 1 | R22: =B22+E22+H22+K22+N22 -> 56 | S22: =(D22+G22+J22+M22+P22)/R22 -> 0.71441071 | T22: =R22/$V$3 -> 0.10163339 | U22: =R22 / _xlfn.XLOOKUP(A22, Top!A:A, Top!AA:AA) -> 0.10546139
A23: Aatrox | B23: 7 | C23: 0.857 | D23: =B23*C23 -> 5.999 | E23: 6 | F23: 0.667 | G23: =E23*F23 -> 4.002 | H23: 15 | I23: 0.6 | J23: =H23*I23 -> 9 | K23: 3 | L23: 0.667 | M23: =K23*L23 -> 2.001 | P23: =N23*O23 -> 0 | R23: =B23+E23+H23+K23+N23 -> 31 | S23: =(D23+G23+J23+M23+P23)/R23 -> 0.67748387 | T23: =R23/$V$3 -> 0.056261343 | U23: =R23 / _xlfn.XLOOKUP(A23, Top!A:A, Top!AA:AA) -> 0.095092025
A24: Fiora | B24: 3 | C24: 0.667 | D24: =B24*C24 -> 2.001 | E24: 3 | F24: 0.667 | G24: =E24*F24 -> 2.001 | J24: =H24*I24 -> 0 | M24: =K24*L24 -> 0 | P24: =N24*O24 -> 0 | R24: =B24+E24+H24+K24+N24 -> 6 | S24: =(D24+G24+J24+M24+P24)/R24 -> 0.667 | T24: =R24/$V$3 -> 0.010889292 | U24: =R24 / _xlfn.XLOOKUP(A24, Top!A:A, Top!AA:AA) -> 0.071428571
A25: Skarner | D25: =B25*C25 -> 0 | G25: =E25*F25 -> 0 | H25: 6 | I25: 0.667 | J25: =H25*I25 -> 4.002 | M25: =K25*L25 -> 0 | P25: =N25*O25 -> 0 | R25: =B25+E25+H25+K25+N25 -> 6 | S25: =(D25+G25+J25+M25+P25)/R25 -> 0.667 | T25: =R25/$V$3 -> 0.010889292 | U25: =R25 / _xlfn.XLOOKUP(A25, Top!A:A, Top!AA:AA) -> 0.12765957
A26: Quinn | D26: =B26*C26 -> 0 | E26: 2 | F26: 1 | G26: =E26*F26 -> 2 | H26: 1 | I26: 0 | J26: =H26*I26 -> 0 | M26: =K26*L26 -> 0 | P26: =N26*O26 -> 0 | R26: =B26+E26+H26+K26+N26 -> 3 | S26: =(D26+G26+J26+M26+P26)/R26 -> 0.66666667 | T26: =R26/$V$3 -> 0.0054446461 | U26: =R26 / _xlfn.XLOOKUP(A26, Top!A:A, Top!AA:AA) -> 0.3
A27: Jayce | B27: 9 | C27: 0.667 | D27: =B27*C27 -> 6.003 | E27: 11 | F27: 0.636 | G27: =E27*F27 -> 6.996 | H27: 4 | I27: 0.5 | J27: =H27*I27 -> 2 | K27: 10 | L27: 0.7 | M27: =K27*L27 -> 7 | N27: 2 | O27: 1 | P27: =N27*O27 -> 2 | R27: =B27+E27+H27+K27+N27 -> 36 | S27: =(D27+G27+J27+M27+P27)/R27 -> 0.66663889 | T27: =R27/$V$3 -> 0.065335753 | U27: =R27 / _xlfn.XLOOKUP(A27, Top!A:A, Top!AA:AA) -> 0.13899614
A28: Kennen | D28: =B28*C28 -> 0 | G28: =E28*F28 -> 0 | H28: 5 | I28: 0.8 | J28: =H28*I28 -> 4 | K28: 1 | L28: 1 | M28: =K28*L28 -> 1 | N28: 3 | O28: 0.333 | P28: =N28*O28 -> 0.999 | R28: =B28+E28+H28+K28+N28 -> 9 | S28: =(D28+G28+J28+M28+P28)/R28 -> 0.66655556 | T28: =R28/$V$3 -> 0.016333938 | U28: =R28 / _xlfn.XLOOKUP(A28, Top!A:A, Top!AA:AA) -> 0.074380165
A29: Renekton | B29: 8 | C29: 0.625 | D29: =B29*C29 -> 5 | E29: 12 | F29: 0.583 | G29: =E29*F29 -> 6.996 | H29: 8 | I29: 0.625 | J29: =H29*I29 -> 5 | K29: 12 | L29: 0.833 | M29: =K29*L29 -> 9.996 | N29: 1 | O29: 0 | P29: =N29*O29 -> 0 | R29: =B29+E29+H29+K29+N29 -> 41 | S29: =(D29+G29+J29+M29+P29)/R29 -> 0.65834146 | T29: =R29/$V$3 -> 0.074410163 | U29: =R29 / _xlfn.XLOOKUP(A29, Top!A:A, Top!AA:AA) -> 0.080234834
A30: Gwen | B30: 6 | C30: 0.5 | D30: =B30*C30 -> 3 | E30: 4 | F30: 0.5 | G30: =E30*F30 -> 2 | H30: 6 | I30: 0.667 | J30: =H30*I30 -> 4.002 | K30: 19 | L30: 0.684 | M30: =K30*L30 -> 12.996 | N30: 1 | O30: 1 | P30: =N30*O30 -> 1 | R30: =B30+E30+H30+K30+N30 -> 36 | S30: =(D30+G30+J30+M30+P30)/R30 -> 0.63883333 | T30: =R30/$V$3 -> 0.065335753 | U30: =R30 / _xlfn.XLOOKUP(A30, Top!A:A, Top!AA:AA) -> 0.094488189
A31: Ornn | B31: 7 | C31: 0.571 | D31: =B31*C31 -> 3.997 | E31: 4 | F31: 0.5 | G31: =E31*F31 -> 2 | J31: =H31*I31 -> 0 | K31: 9 | L31: 0.778 | M31: =K31*L31 -> 7.002 | N31: 1 | O31: 0 | P31: =N31*O31 -> 0 | R31: =B31+E31+H31+K31+N31 -> 21 | S31: =(D31+G31+J31+M31+P31)/R31 -> 0.619 | T31: =R31/$V$3 -> 0.038112523 | U31: =R31 / _xlfn.XLOOKUP(A31, Top!A:A, Top!AA:AA) -> 0.098130841
A32: Ambessa | D32: =B32*C32 -> 0 | G32: =E32*F32 -> 0 | J32: =H32*I32 -> 0 | K32: 16 | L32: 0.562 | M32: =K32*L32 -> 8.992 | N32: 2 | O32: 0.5 | P32: =N32*O32 -> 1 | R32: =B32+E32+H32+K32+N32 -> 18 | S32: =(D32+G32+J32+M32+P32)/R32 -> 0.55511111 | T32: =R32/$V$3 -> 0.032667877 | U32: =R32 / _xlfn.XLOOKUP(A32, Top!A:A, Top!AA:AA) -> 0.09375
A33: Yorick | D33: =B33*C33 -> 0 | G33: =E33*F33 -> 0 | J33: =H33*I33 -> 0 | K33: 6 | L33: 0.5 | M33: =K33*L33 -> 3 | P33: =N33*O33 -> 0 | R33: =B33+E33+H33+K33+N33 -> 6 | S33: =(D33+G33+J33+M33+P33)/R33 -> 0.5 | T33: =R33/$V$3 -> 0.010889292 | U33: =R33 / _xlfn.XLOOKUP(A33, Top!A:A, Top!AA:AA) -> 0.09375
A34: Akshan | B34: 2 | C34: 0.5 | D34: =B34*C34 -> 1 | G34: =E34*F34 -> 0 | J34: =H34*I34 -> 0 | M34: =K34*L34 -> 0 | P34: =N34*O34 -> 0 | R34: =B34+E34+H34+K34+N34 -> 2 | S34: =(D34+G34+J34+M34+P34)/R34 -> 0.5 | T34: =R34/$V$3 -> 0.0036297641 | U34: =R34 / _xlfn.XLOOKUP(A34, Top!A:A, Top!AA:AA) -> 0.4
A35: Kayle | B35: 1 | C35: 1 | D35: =B35*C35 -> 1 | E35: 1 | F35: 0 | G35: =E35*F35 -> 0 | J35: =H35*I35 -> 0 | M35: =K35*L35 -> 0 | P35: =N35*O35 -> 0 | R35: =B35+E35+H35+K35+N35 -> 2 | S35: =(D35+G35+J35+M35+P35)/R35 -> 0.5 | T35: =R35/$V$3 -> 0.0036297641 | U35: =R35 / _xlfn.XLOOKUP(A35, Top!A:A, Top!AA:AA) -> 0.2
A36: Maokai | B36: 2 | C36: 0.5 | D36: =B36*C36 -> 1 | G36: =E36*F36 -> 0 | J36: =H36*I36 -> 0 | M36: =K36*L36 -> 0 | P36: =N36*O36 -> 0 | R36: =B36+E36+H36+K36+N36 -> 2 | S36: =(D36+G36+J36+M36+P36)/R36 -> 0.5 | T36: =R36/$V$3 -> 0.0036297641 | U36: =R36 / _xlfn.XLOOKUP(A36, Top!A:A, Top!AA:AA) -> 0.10526316
A37: Rek'Sai | D37: =B37*C37 -> 0 | G37: =E37*F37 -> 0 | H37: 6 | I37: 0.5 | J37: =H37*I37 -> 3 | K37: 3 | L37: 0.333 | M37: =K37*L37 -> 0.999 | N37: 1 | O37: 1 | P37: =N37*O37 -> 1 | R37: =B37+E37+H37+K37+N37 -> 10 | S37: =(D37+G37+J37+M37+P37)/R37 -> 0.4999 | T37: =R37/$V$3 -> 0.01814882 | U37: =R37 / _xlfn.XLOOKUP(A37, Top!A:A, Top!AA:AA) -> 0.20408163
A38: Aurora | D38: =B38*C38 -> 0 | G38: =E38*F38 -> 0 | H38: 1 | I38: 1 | J38: =H38*I38 -> 1 | K38: 5 | L38: 0.4 | M38: =K38*L38 -> 2 | N38: 1 | O38: 0 | P38: =N38*O38 -> 0 | R38: =B38+E38+H38+K38+N38 -> 7 | S38: =(D38+G38+J38+M38+P38)/R38 -> 0.42857143 | T38: =R38/$V$3 -> 0.012704174 | U38: =R38 / _xlfn.XLOOKUP(A38, Top!A:A, Top!AA:AA) -> 0.090909091
A39: Sion | B39: 1 | C39: 0 | D39: =B39*C39 -> 0 | E39: 1 | F39: 1 | G39: =E39*F39 -> 1 | J39: =H39*I39 -> 0 | K39: 12 | L39: 0.333 | M39: =K39*L39 -> 3.996 | N39: 1 | O39: 1 | P39: =N39*O39 -> 1 | R39: =B39+E39+H39+K39+N39 -> 15 | S39: =(D39+G39+J39+M39+P39)/R39 -> 0.39973333 | T39: =R39/$V$3 -> 0.02722323 | U39: =R39 / _xlfn.XLOOKUP(A39, Top!A:A, Top!AA:AA) -> 0.063829787
A40: Malphite | D40: =B40*C40 -> 0 | E40: 3 | F40: 0 | G40: =E40*F40 -> 0 | J40: =H40*I40 -> 0 | M40: =K40*L40 -> 0 | P40: =N40*O40 -> 0 | R40: =B40+E40+H40+K40+N40 -> 3 | S40: =(D40+G40+J40+M40+P40)/R40 -> 0 | T40: =R40/$V$3 -> 0.0054446461 | U40: =R40 / _xlfn.XLOOKUP(A40, Top!A:A, Top!AA:AA) -> 0.083333333
A41: Irelia | D41: =B41*C41 -> 0 | G41: =E41*F41 -> 0 | H41: 1 | I41: 0 | J41: =H41*I41 -> 0 | K41: 1 | L41: 0 | M41: =K41*L41 -> 0 | P41: =N41*O41 -> 0 | R41: =B41+E41+H41+K41+N41 -> 2 | S41: =(D41+G41+J41+M41+P41)/R41 -> 0 | T41: =R41/$V$3 -> 0.0036297641 | U41: =R41 / _xlfn.XLOOKUP(A41, Top!A:A, Top!AA:AA) -> 0.11111111
A42: Jarvan IV | D42: =B42*C42 -> 0 | E42: 1 | F42: 0 | G42: =E42*F42 -> 0 | J42: =H42*I42 -> 0 | M42: =K42*L42 -> 0 | P42: =N42*O42 -> 0 | R42: =B42+E42+H42+K42+N42 -> 1 | S42: =(D42+G42+J42+M42+P42)/R42 -> 0 | T42: =R42/$V$3 -> 0.001814882 | U42: =R42 / _xlfn.XLOOKUP(A42, Top!A:A, Top!AA:AA) -> 1
A43: Zac | D43: =B43*C43 -> 0 | G43: =E43*F43 -> 0 | H43: 1 | I43: 0 | J43: =H43*I43 -> 0 | M43: =K43*L43 -> 0 | P43: =N43*O43 -> 0 | R43: =B43+E43+H43+K43+N43 -> 1 | S43: =(D43+G43+J43+M43+P43)/R43 -> 0 | T43: =R43/$V$3 -> 0.001814882 | U43: =R43 / _xlfn.XLOOKUP(A43, Top!A:A, Top!AA:AA) -> 0.055555556
A44: Sylas | D44: =B44*C44 -> 0 | G44: =E44*F44 -> 0 | J44: =H44*I44 -> 0 | M44: =K44*L44 -> 0 | N44: 1 | O44: 0 | P44: =N44*O44 -> 0 | R44: =B44+E44+H44+K44+N44 -> 1 | S44: =(D44+G44+J44+M44+P44)/R44 -> 0 | T44: =R44/$V$3 -> 0.001814882 | U44: =R44 / _xlfn.XLOOKUP(A44, Top!A:A, Top!AA:AA) -> 0.090909091
D45: =B45*C45 -> 0 | G45: =E45*F45 -> 0 | J45: =H45*I45 -> 0 | M45: =K45*L45 -> 0 | P45: =N45*O45 -> 0 | R45: =B45+E45+H45+K45+N45 -> 0 | S45: =(D45+G45+J45+M45+P45)/R45 -> #DIV/0! | T45: =R45/$V$3 -> 0 | U45: =R45 / _xlfn.XLOOKUP(A45, Top!A:A, Top!AA:AA) -> #DIV/0!
D46: =B46*C46 -> 0 | G46: =E46*F46 -> 0 | J46: =H46*I46 -> 0 | M46: =K46*L46 -> 0 | P46: =N46*O46 -> 0 | R46: =B46+E46+H46+K46+N46 -> 0 | S46: =(D46+G46+J46+M46+P46)/R46 -> #DIV/0! | T46: =R46/$V$3 -> 0 | U46: =R46 / _xlfn.XLOOKUP(A46, Top!A:A, Top!AA:AA) -> #DIV/0!
D47: =B47*C47 -> 0 | G47: =E47*F47 -> 0 | J47: =H47*I47 -> 0 | M47: =K47*L47 -> 0 | P47: =N47*O47 -> 0 | R47: =B47+E47+H47+K47+N47 -> 0 | S47: =(D47+G47+J47+M47+P47)/R47 -> #DIV/0! | T47: =R47/$V$3 -> 0 | U47: =R47 / _xlfn.XLOOKUP(A47, Top!A:A, Top!AA:AA) -> #DIV/0!
D48: =B48*C48 -> 0 | G48: =E48*F48 -> 0 | J48: =H48*I48 -> 0 | M48: =K48*L48 -> 0 | P48: =N48*O48 -> 0 | R48: =B48+E48+H48+K48+N48 -> 0 | S48: =(D48+G48+J48+M48+P48)/R48 -> #DIV/0! | T48: =R48/$V$3 -> 0 | U48: =R48 / _xlfn.XLOOKUP(A48, Top!A:A, Top!AA:AA) -> #DIV/0!
D49: =B49*C49 -> 0 | G49: =E49*F49 -> 0 | J49: =H49*I49 -> 0 | M49: =K49*L49 -> 0 | P49: =N49*O49 -> 0 | R49: =B49+E49+H49+K49+N49 -> 0 | S49: =(D49+G49+J49+M49+P49)/R49 -> #DIV/0! | T49: =R49/$V$3 -> 0 | U49: =R49 / _xlfn.XLOOKUP(A49, Top!A:A, Top!AA:AA) -> #DIV/0!
D50: =B50*C50 -> 0 | G50: =E50*F50 -> 0 | J50: =H50*I50 -> 0 | M50: =K50*L50 -> 0 | P50: =N50*O50 -> 0 | R50: =B50+E50+H50+K50+N50 -> 0 | S50: =(D50+G50+J50+M50+P50)/R50 -> #DIV/0! | T50: =R50/$V$3 -> 0 | U50: =R50 / _xlfn.XLOOKUP(A50, Top!A:A, Top!AA:AA) -> #DIV/0!
D51: =B51*C51 -> 0 | G51: =E51*F51 -> 0 | J51: =H51*I51 -> 0 | M51: =K51*L51 -> 0 | P51: =N51*O51 -> 0 | R51: =B51+E51+H51+K51+N51 -> 0 | S51: =(D51+G51+J51+M51+P51)/R51 -> #DIV/0! | T51: =R51/$V$3 -> 0 | U51: =R51 / _xlfn.XLOOKUP(A51, Top!A:A, Top!AA:AA) -> #DIV/0!
D52: =B52*C52 -> 0 | G52: =E52*F52 -> 0 | J52: =H52*I52 -> 0 | M52: =K52*L52 -> 0 | P52: =N52*O52 -> 0 | R52: =B52+E52+H52+K52+N52 -> 0 | S52: =(D52+G52+J52+M52+P52)/R52 -> #DIV/0! | T52: =R52/$V$3 -> 0 | U52: =R52 / _xlfn.XLOOKUP(A52, Top!A:A, Top!AA:AA) -> #DIV/0!
D53: =B53*C53 -> 0 | G53: =E53*F53 -> 0 | J53: =H53*I53 -> 0 | M53: =K53*L53 -> 0 | P53: =N53*O53 -> 0 | R53: =B53+E53+H53+K53+N53 -> 0 | S53: =(D53+G53+J53+M53+P53)/R53 -> #DIV/0! | T53: =R53/$V$3 -> 0 | U53: =R53 / _xlfn.XLOOKUP(A53, Top!A:A, Top!AA:AA) -> #DIV/0!
D54: =B54*C54 -> 0 | G54: =E54*F54 -> 0 | J54: =H54*I54 -> 0 | M54: =K54*L54 -> 0 | P54: =N54*O54 -> 0 | R54: =B54+E54+H54+K54+N54 -> 0 | S54: =(D54+G54+J54+M54+P54)/R54 -> #DIV/0! | T54: =R54/$V$3 -> 0 | U54: =R54 / _xlfn.XLOOKUP(A54, Top!A:A, Top!AA:AA) -> #DIV/0!
D55: =B55*C55 -> 0 | G55: =E55*F55 -> 0 | J55: =H55*I55 -> 0 | M55: =K55*L55 -> 0 | P55: =N55*O55 -> 0 | R55: =B55+E55+H55+K55+N55 -> 0 | S55: =(D55+G55+J55+M55+P55)/R55 -> #DIV/0! | T55: =R55/$V$3 -> 0 | U55: =R55 / _xlfn.XLOOKUP(A55, Top!A:A, Top!AA:AA) -> #DIV/0!
D56: =B56*C56 -> 0 | G56: =E56*F56 -> 0 | J56: =H56*I56 -> 0 | M56: =K56*L56 -> 0 | P56: =N56*O56 -> 0 | R56: =B56+E56+H56+K56+N56 -> 0 | S56: =(D56+G56+J56+M56+P56)/R56 -> #DIV/0! | T56: =R56/$V$3 -> 0 | U56: =R56 / _xlfn.XLOOKUP(A56, Top!A:A, Top!AA:AA) -> #DIV/0!

Sheet DuDu
A1: DuDu | B1: 2022 | E1: 2023 | H1: 2024 | K1: 2025 | N1: 2026 | R1: Total per Champ: | V1: Total:
A2: Champion | B2: Games | C2: Winrate | D2: Wins | E2: Games | F2: Winrate | G2: Wins | H2: Games | I2: Winrate | J2: Wins | K2: Games | L2: Winrate | M2: Wins | N2: Games | O2: Winrate | P2: Wins | R2: Games | S2: Winrate | T2: %Pick | U2: %Total | V2: Games | W2: Winrate
A3: Akali | B3: 1 | C3: 1 | D3: =B3*C3 -> 1 | G3: =E3*F3 -> 0 | J3: =H3*I3 -> 0 | M3: =K3*L3 -> 0 | P3: =N3*O3 -> 0 | R3: =B3+E3+H3+K3+N3 -> 1 | S3: =(D3+G3+J3+M3+P3)/R3 -> 1 | T3: =R3/$V$3 -> 0.0026109661 | U3: =R3 / _xlfn.XLOOKUP(A3, Top!A:A, Top!AA:AA) -> 0.022222222 | V3: =SUM(R3:R70) -> 383 | W3: =(SUM(D3:D100)+SUM(G3:G100)+SUM(J3:J100)+SUM(M3:M100)+SUM(P3:P100)) / V3 -> 0.32909661
A4: Sylas | B4: 1 | C4: 1 | D4: =B4*C4 -> 1 | G4: =E4*F4 -> 0 | J4: =H4*I4 -> 0 | M4: =K4*L4 -> 0 | P4: =N4*O4 -> 0 | R4: =B4+E4+H4+K4+N4 -> 1 | S4: =(D4+G4+J4+M4+P4)/R4 -> 1 | T4: =R4/$V$3 -> 0.0026109661 | U4: =R4 / _xlfn.XLOOKUP(A4, Top!A:A, Top!AA:AA) -> 0.090909091
A5: Zaahen | D5: =B5*C5 -> 0 | G5: =E5*F5 -> 0 | J5: =H5*I5 -> 0 | M5: =K5*L5 -> 0 | N5: 1 | O5: 1 | P5: =N5*O5 -> 1 | R5: =B5+E5+H5+K5+N5 -> 1 | S5: =(D5+G5+J5+M5+P5)/R5 -> 1 | T5: =R5/$V$3 -> 0.0026109661 | U5: =R5 / _xlfn.XLOOKUP(A5, Top!A:A, Top!AA:AA) -> 0.071428571
A6: Skarner | D6: =B6*C6 -> 0 | G6: =E6*F6 -> 0 | H6: 4 | I6: 0.75 | J6: =H6*I6 -> 3 | M6: =K6*L6 -> 0 | P6: =N6*O6 -> 0 | R6: =B6+E6+H6+K6+N6 -> 4 | S6: =(D6+G6+J6+M6+P6)/R6 -> 0.75 | T6: =R6/$V$3 -> 0.010443864 | U6: =R6 / _xlfn.XLOOKUP(A6, Top!A:A, Top!AA:AA) -> 0.085106383
A7: Gankplank | B7: 4 | C7: 0.5 | D7: =B7*C7 -> 2 | G7: =E7*F7 -> 0 | J7: =H7*I7 -> 0 | M7: =K7*L7 -> 0 | P7: =N7*O7 -> 0 | R7: =B7+E7+H7+K7+N7 -> 4 | S7: =(D7+G7+J7+M7+P7)/R7 -> 0.5 | T7: =R7/$V$3 -> 0.010443864 | U7: =R7 / _xlfn.XLOOKUP(A7, Top!A:A, Top!AA:AA) -> 0.033333333
A8: Yorick | D8: =B8*C8 -> 0 | G8: =E8*F8 -> 0 | J8: =H8*I8 -> 0 | K8: 1 | L8: 0 | M8: =K8*L8 -> 0 | N8: 1 | O8: 1 | P8: =N8*O8 -> 1 | R8: =B8+E8+H8+K8+N8 -> 2 | S8: =(D8+G8+J8+M8+P8)/R8 -> 0.5 | T8: =R8/$V$3 -> 0.0052219321 | U8: =R8 / _xlfn.XLOOKUP(A8, Top!A:A, Top!AA:AA) -> 0.03125
A9: Gragas | B9: 8 | C9: 0.375 | D9: =B9*C9 -> 3 | E9: 3 | F9: 1 | G9: =E9*F9 -> 3 | J9: =H9*I9 -> 0 | K9: 3 | L9: 0.333 | M9: =K9*L9 -> 0.999 | P9: =N9*O9 -> 0 | R9: =B9+E9+H9+K9+N9 -> 14 | S9: =(D9+G9+J9+M9+P9)/R9 -> 0.49992857 | T9: =R9/$V$3 -> 0.036553525 | U9: =R9 / _xlfn.XLOOKUP(A9, Top!A:A, Top!AA:AA) -> 0.064814815
A10: K'Sante | D10: =B10*C10 -> 0 | E10: 23 | F10: 0.435 | G10: =E10*F10 -> 10.005 | H10: 25 | I10: 0.52 | J10: =H10*I10 -> 13 | K10: 9 | L10: 0.222 | M10: =K10*L10 -> 1.998 | N10: 3 | O10: 1 | P10: =N10*O10 -> 3 | R10: =B10+E10+H10+K10+N10 -> 60 | S10: =(D10+G10+J10+M10+P10)/R10 -> 0.46671667 | T10: =R10/$V$3 -> 0.15665796 | U10: =R10 / _xlfn.XLOOKUP(A10, Top!A:A, Top!AA:AA) -> 0.089820359
A11: Poppy | D11: =B11*C11 -> 0 | E11: 6 | F11: 0.5 | G11: =E11*F11 -> 3 | H11: 7 | I11: 0.429 | J11: =H11*I11 -> 3.003 | M11: =K11*L11 -> 0 | P11: =N11*O11 -> 0 | R11: =B11+E11+H11+K11+N11 -> 13 | S11: =(D11+G11+J11+M11+P11)/R11 -> 0.46176923 | T11: =R11/$V$3 -> 0.033942559 | U11: =R11 / _xlfn.XLOOKUP(A11, Top!A:A, Top!AA:AA) -> 0.21666667
A12: Rumble | D12: =B12*C12 -> 0 | G12: =E12*F12 -> 0 | H12: 6 | I12: 0.5 | J12: =H12*I12 -> 3 | K12: 20 | L12: 0.4 | M12: =K12*L12 -> 8 | N12: 5 | O12: 0.6 | P12: =N12*O12 -> 3 | R12: =B12+E12+H12+K12+N12 -> 31 | S12: =(D12+G12+J12+M12+P12)/R12 -> 0.4516129 | T12: =R12/$V$3 -> 0.080939948 | U12: =R12 / _xlfn.XLOOKUP(A12, Top!A:A, Top!AA:AA) -> 0.079487179
A13: Fiora | D13: =B13*C13 -> 0 | E13: 8 | F13: 0.375 | G13: =E13*F13 -> 3 | J13: =H13*I13 -> 0 | M13: =K13*L13 -> 0 | P13: =N13*O13 -> 0 | R13: =B13+E13+H13+K13+N13 -> 8 | S13: =(D13+G13+J13+M13+P13)/R13 -> 0.375 | T13: =R13/$V$3 -> 0.020887728 | U13: =R13 / _xlfn.XLOOKUP(A13, Top!A:A, Top!AA:AA) -> 0.095238095
A14: Renekton | B14: 3 | C14: 0.667 | D14: =B14*C14 -> 2.001 | E14: 17 | F14: 0.118 | G14: =E14*F14 -> 2.006 | H14: 7 | I14: 0.571 | J14: =H14*I14 -> 3.997 | K14: 1 | L14: 0 | M14: =K14*L14 -> 0 | N14: 2 | O14: 1 | P14: =N14*O14 -> 2 | R14: =B14+E14+H14+K14+N14 -> 30 | S14: =(D14+G14+J14+M14+P14)/R14 -> 0.33346667 | T14: =R14/$V$3 -> 0.078328982 | U14: =R14 / _xlfn.XLOOKUP(A14, Top!A:A, Top!AA:AA) -> 0.058708415
A15: Kennen | D15: =B15*C15 -> 0 | G15: =E15*F15 -> 0 | H15: 1 | I15: 0 | J15: =H15*I15 -> 0 | M15: =K15*L15 -> 0 | N15: 2 | O15: 0.5 | P15: =N15*O15 -> 1 | R15: =B15+E15+H15+K15+N15 -> 3 | S15: =(D15+G15+J15+M15+P15)/R15 -> 0.33333333 | T15: =R15/$V$3 -> 0.0078328982 | U15: =R15 / _xlfn.XLOOKUP(A15, Top!A:A, Top!AA:AA) -> 0.024793388
A16: Graves | B16: 6 | C16: 0.333 | D16: =B16*C16 -> 1.998 | G16: =E16*F16 -> 0 | J16: =H16*I16 -> 0 | M16: =K16*L16 -> 0 | P16: =N16*O16 -> 0 | R16: =B16+E16+H16+K16+N16 -> 6 | S16: =(D16+G16+J16+M16+P16)/R16 -> 0.333 | T16: =R16/$V$3 -> 0.015665796 | U16: =R16 / _xlfn.XLOOKUP(A16, Top!A:A, Top!AA:AA) -> 0.12244898
A17: Jayce | B17: 3 | C17: 0.667 | D17: =B17*C17 -> 2.001 | E17: 5 | F17: 0.4 | G17: =E17*F17 -> 2 | J17: =H17*I17 -> 0 | K17: 5 | L17: 0 | M17: =K17*L17 -> 0 | P17: =N17*O17 -> 0 | R17: =B17+E17+H17+K17+N17 -> 13 | S17: =(D17+G17+J17+M17+P17)/R17 -> 0.30776923 | T17: =R17/$V$3 -> 0.033942559 | U17: =R17 / _xlfn.XLOOKUP(A17, Top!A:A, Top!AA:AA) -> 0.05019305
A18: Aatrox | B18: 2 | C18: 0 | D18: =B18*C18 -> 0 | E18: 2 | F18: 0 | G18: =E18*F18 -> 0 | H18: 21 | I18: 0.429 | J18: =H18*I18 -> 9.009 | K18: 7 | L18: 0.143 | M18: =K18*L18 -> 1.001 | N18: 1 | O18: 0 | P18: =N18*O18 -> 0 | R18: =B18+E18+H18+K18+N18 -> 33 | S18: =(D18+G18+J18+M18+P18)/R18 -> 0.30333333 | T18: =R18/$V$3 -> 0.08616188 | U18: =R18 / _xlfn.XLOOKUP(A18, Top!A:A, Top!AA:AA) -> 0.10122699
A19: Jax | B19: 7 | C19: 0.429 | D19: =B19*C19 -> 3.003 | E19: 10 | F19: 0.2 | G19: =E19*F19 -> 2 | H19: 3 | I19: 0 | J19: =H19*I19 -> 0 | K19: 4 | L19: 0.5 | M19: =K19*L19 -> 2 | N19: 2 | O19: 0 | P19: =N19*O19 -> 0 | R19: =B19+E19+H19+K19+N19 -> 26 | S19: =(D19+G19+J19+M19+P19)/R19 -> 0.26934615 | T19: =R19/$V$3 -> 0.067885117 | U19: =R19 / _xlfn.XLOOKUP(A19, Top!A:A, Top!AA:AA) -> 0.063106796
A20: Camille | B20: 2 | C20: 0 | D20: =B20*C20 -> 0 | E20: 1 | F20: 0 | G20: =E20*F20 -> 0 | H20: 1 | I20: 1 | J20: =H20*I20 -> 1 | M20: =K20*L20 -> 0 | P20: =N20*O20 -> 0 | R20: =B20+E20+H20+K20+N20 -> 4 | S20: =(D20+G20+J20+M20+P20)/R20 -> 0.25 | T20: =R20/$V$3 -> 0.010443864 | U20: =R20 / _xlfn.XLOOKUP(A20, Top!A:A, Top!AA:AA) -> 0.02919708
A21: Sion | B21: 2 | C21: 0 | D21: =B21*C21 -> 0 | E21: 2 | F21: 0.5 | G21: =E21*F21 -> 1 | J21: =H21*I21 -> 0 | K21: 10 | L21: 0.3 | M21: =K21*L21 -> 3 | N21: 3 | O21: 0 | P21: =N21*O21 -> 0 | R21: =B21+E21+H21+K21+N21 -> 17 | S21: =(D21+G21+J21+M21+P21)/R21 -> 0.23529412 | T21: =R21/$V$3 -> 0.044386423 | U21: =R21 / _xlfn.XLOOKUP(A21, Top!A:A, Top!AA:AA) -> 0.072340426
A22: Ambessa | D22: =B22*C22 -> 0 | G22: =E22*F22 -> 0 | J22: =H22*I22 -> 0 | K22: 19 | L22: 0.211 | M22: =K22*L22 -> 4.009 | N22: 3 | O22: 0.333 | P22: =N22*O22 -> 0.999 | R22: =B22+E22+H22+K22+N22 -> 22 | S22: =(D22+G22+J22+M22+P22)/R22 -> 0.22763636 | T22: =R22/$V$3 -> 0.057441253 | U22: =R22 / _xlfn.XLOOKUP(A22, Top!A:A, Top!AA:AA) -> 0.11458333
A23: Gwen | B23: 16 | C23: 0.188 | D23: =B23*C23 -> 3.008 | E23: 2 | F23: 0.5 | G23: =E23*F23 -> 1 | J23: =H23*I23 -> 0 | K23: 5 | L23: 0 | M23: =K23*L23 -> 0 | N23: 4 | O23: 0.5 | P23: =N23*O23 -> 2 | R23: =B23+E23+H23+K23+N23 -> 27 | S23: =(D23+G23+J23+M23+P23)/R23 -> 0.22251852 | T23: =R23/$V$3 -> 0.070496084 | U23: =R23 / _xlfn.XLOOKUP(A23, Top!A:A, Top!AA:AA) -> 0.070866142
A24: Tryndamere | B24: 5 | C24: 0.2 | D24: =B24*C24 -> 1 | G24: =E24*F24 -> 0 | J24: =H24*I24 -> 0 | M24: =K24*L24 -> 0 | P24: =N24*O24 -> 0 | R24: =B24+E24+H24+K24+N24 -> 5 | S24: =(D24+G24+J24+M24+P24)/R24 -> 0.2 | T24: =R24/$V$3 -> 0.01305483 | U24: =R24 / _xlfn.XLOOKUP(A24, Top!A:A, Top!AA:AA) -> 0.10869565
A25: Gnar | B25: 22 | C25: 0.182 | D25: =B25*C25 -> 4.004 | E25: 3 | F25: 0 | G25: =E25*F25 -> 0 | H25: 11 | I25: 0.273 | J25: =H25*I25 -> 3.003 | K25: 2 | L25: 0 | M25: =K25*L25 -> 0 | N25: 1 | O25: 0 | P25: =N25*O25 -> 0 | R25: =B25+E25+H25+K25+N25 -> 39 | S25: =(D25+G25+J25+M25+P25)/R25 -> 0.17966667 | T25: =R25/$V$3 -> 0.10182768 | U25: =R25 / _xlfn.XLOOKUP(A25, Top!A:A, Top!AA:AA) -> 0.073446328
A26: Rek'Sai | D26: =B26*C26 -> 0 | G26: =E26*F26 -> 0 | H26: 2 | I26: 0 | J26: =H26*I26 -> 0 | M26: =K26*L26 -> 0 | N26: 5 | O26: 0.2 | P26: =N26*O26 -> 1 | R26: =B26+E26+H26+K26+N26 -> 7 | S26: =(D26+G26+J26+M26+P26)/R26 -> 0.14285714 | T26: =R26/$V$3 -> 0.018276762 | U26: =R26 / _xlfn.XLOOKUP(A26, Top!A:A, Top!AA:AA) -> 0.14285714
A27: Garen | D27: =B27*C27 -> 0 | G27: =E27*F27 -> 0 | H27: 2 | I27: 0 | J27: =H27*I27 -> 0 | M27: =K27*L27 -> 0 | P27: =N27*O27 -> 0 | R27: =B27+E27+H27+K27+N27 -> 2 | S27: =(D27+G27+J27+M27+P27)/R27 -> 0 | T27: =R27/$V$3 -> 0.0052219321 | U27: =R27 / _xlfn.XLOOKUP(A27, Top!A:A, Top!AA:AA) -> 0.2
A28: Aurora | D28: =B28*C28 -> 0 | G28: =E28*F28 -> 0 | J28: =H28*I28 -> 0 | K28: 1 | L28: 0 | M28: =K28*L28 -> 0 | P28: =N28*O28 -> 0 | R28: =B28+E28+H28+K28+N28 -> 1 | S28: =(D28+G28+J28+M28+P28)/R28 -> 0 | T28: =R28/$V$3 -> 0.0026109661 | U28: =R28 / _xlfn.XLOOKUP(A28, Top!A:A, Top!AA:AA) -> 0.012987013
A29: Cho'Gath | D29: =B29*C29 -> 0 | G29: =E29*F29 -> 0 | J29: =H29*I29 -> 0 | K29: 1 | L29: 0 | M29: =K29*L29 -> 0 | P29: =N29*O29 -> 0 | R29: =B29+E29+H29+K29+N29 -> 1 | S29: =(D29+G29+J29+M29+P29)/R29 -> 0 | T29: =R29/$V$3 -> 0.0026109661 | U29: =R29 / _xlfn.XLOOKUP(A29, Top!A:A, Top!AA:AA) -> 0.076923077
A30: Irelia | B30: 1 | C30: 0 | D30: =B30*C30 -> 0 | G30: =E30*F30 -> 0 | J30: =H30*I30 -> 0 | M30: =K30*L30 -> 0 | P30: =N30*O30 -> 0 | R30: =B30+E30+H30+K30+N30 -> 1 | S30: =(D30+G30+J30+M30+P30)/R30 -> 0 | T30: =R30/$V$3 -> 0.0026109661 | U30: =R30 / _xlfn.XLOOKUP(A30, Top!A:A, Top!AA:AA) -> 0.055555556
A31: Kayle | B31: 1 | C31: 0 | D31: =B31*C31 -> 0 | G31: =E31*F31 -> 0 | J31: =H31*I31 -> 0 | M31: =K31*L31 -> 0 | P31: =N31*O31 -> 0 | R31: =B31+E31+H31+K31+N31 -> 1 | S31: =(D31+G31+J31+M31+P31)/R31 -> 0 | T31: =R31/$V$3 -> 0.0026109661 | U31: =R31 / _xlfn.XLOOKUP(A31, Top!A:A, Top!AA:AA) -> 0.1
A32: Malphite | B32: 1 | C32: 0 | D32: =B32*C32 -> 0 | G32: =E32*F32 -> 0 | J32: =H32*I32 -> 0 | M32: =K32*L32 -> 0 | P32: =N32*O32 -> 0 | R32: =B32+E32+H32+K32+N32 -> 1 | S32: =(D32+G32+J32+M32+P32)/R32 -> 0 | T32: =R32/$V$3 -> 0.0026109661 | U32: =R32 / _xlfn.XLOOKUP(A32, Top!A:A, Top!AA:AA) -> 0.027777778
A33: Ornn | B33: 1 | C33: 0 | D33: =B33*C33 -> 0 | G33: =E33*F33 -> 0 | J33: =H33*I33 -> 0 | M33: =K33*L33 -> 0 | P33: =N33*O33 -> 0 | R33: =B33+E33+H33+K33+N33 -> 1 | S33: =(D33+G33+J33+M33+P33)/R33 -> 0 | T33: =R33/$V$3 -> 0.0026109661 | U33: =R33 / _xlfn.XLOOKUP(A33, Top!A:A, Top!AA:AA) -> 0.0046728972
A34: Quinn | D34: =B34*C34 -> 0 | E34: 1 | F34: 0 | G34: =E34*F34 -> 0 | J34: =H34*I34 -> 0 | M34: =K34*L34 -> 0 | P34: =N34*O34 -> 0 | R34: =B34+E34+H34+K34+N34 -> 1 | S34: =(D34+G34+J34+M34+P34)/R34 -> 0 | T34: =R34/$V$3 -> 0.0026109661 | U34: =R34 / _xlfn.XLOOKUP(A34, Top!A:A, Top!AA:AA) -> 0.1
A35: Sejuani | B35: 1 | C35: 0 | D35: =B35*C35 -> 0 | G35: =E35*F35 -> 0 | J35: =H35*I35 -> 0 | M35: =K35*L35 -> 0 | P35: =N35*O35 -> 0 | R35: =B35+E35+H35+K35+N35 -> 1 | S35: =(D35+G35+J35+M35+P35)/R35 -> 0 | T35: =R35/$V$3 -> 0.0026109661 | U35: =R35 / _xlfn.XLOOKUP(A35, Top!A:A, Top!AA:AA) -> 0.013513514
A36: Shyvana | B36: 1 | C36: 0 | D36: =B36*C36 -> 0 | G36: =E36*F36 -> 0 | J36: =H36*I36 -> 0 | M36: =K36*L36 -> 0 | P36: =N36*O36 -> 0 | R36: =B36+E36+H36+K36+N36 -> 1 | S36: =(D36+G36+J36+M36+P36)/R36 -> 0 | T36: =R36/$V$3 -> 0.0026109661 | U36: =R36 / _xlfn.XLOOKUP(A36, Top!A:A, Top!AA:AA) -> 0.33333333
A37: Vladimir | B37: 1 | C37: 0 | D37: =B37*C37 -> 0 | G37: =E37*F37 -> 0 | J37: =H37*I37 -> 0 | M37: =K37*L37 -> 0 | P37: =N37*O37 -> 0 | R37: =B37+E37+H37+K37+N37 -> 1 | S37: =(D37+G37+J37+M37+P37)/R37 -> 0 | T37: =R37/$V$3 -> 0.0026109661 | U37: =R37 / _xlfn.XLOOKUP(A37, Top!A:A, Top!AA:AA) -> 0.076923077

Sheet Kiin
A1: Kiin | B1: 2022 | E1: 2023 | H1: 2024 | K1: 2025 | N1: 2026 | R1: Total per Champ: | V1: Total:
A2: Champion | B2: Games | C2: Winrate | D2: Wins | E2: Games | F2: Winrate | G2: Wins | H2: Games | I2: Winrate | J2: Wins | K2: Games | L2: Winrate | M2: Wins | N2: Games | O2: Winrate | P2: Wins | R2: Games | S2: Winrate | T2: %Pick | U2: %Total | V2: Games | W2: Winrate
A3: Ambessa | D3: =B3*C3 -> 0 | G3: =E3*F3 -> 0 | J3: =H3*I3 -> 0 | K3: 8 | L3: 1 | M3: =K3*L3 -> 8 | N3: 1 | O3: 1 | P3: =N3*O3 -> 1 | R3: =B3+E3+H3+K3+N3 -> 9 | S3: =(D3+G3+J3+M3+P3)/R3 -> 1 | T3: =R3/$V$3 -> 0.016981132 | U3: =R3 / _xlfn.XLOOKUP(A3, Top!A:A, Top!AA:AA) -> 0.046875 | V3: =SUM(R3:R69) -> 530 | W3: =(SUM(D3:D99)+SUM(G3:G99)+SUM(J3:J99)+SUM(M3:M99)+SUM(P3:P99)) / V3 -> 0.67355849
A4: Quinn | D4: =B4*C4 -> 0 | E4: 2 | F4: 1 | G4: =E4*F4 -> 2 | H4: 1 | I4: 1 | J4: =H4*I4 -> 1 | M4: =K4*L4 -> 0 | P4: =N4*O4 -> 0 | R4: =B4+E4+H4+K4+N4 -> 3 | S4: =(D4+G4+J4+M4+P4)/R4 -> 1 | T4: =R4/$V$3 -> 0.0056603774 | U4: =R4 / _xlfn.XLOOKUP(A4, Top!A:A, Top!AA:AA) -> 0.3
A5: Zaahen | D5: =B5*C5 -> 0 | G5: =E5*F5 -> 0 | J5: =H5*I5 -> 0 | M5: =K5*L5 -> 0 | N5: 3 | O5: 1 | P5: =N5*O5 -> 3 | R5: =B5+E5+H5+K5+N5 -> 3 | S5: =(D5+G5+J5+M5+P5)/R5 -> 1 | T5: =R5/$V$3 -> 0.0056603774 | U5: =R5 / _xlfn.XLOOKUP(A5, Top!A:A, Top!AA:AA) -> 0.21428571
A6: Darius | D6: =B6*C6 -> 0 | G6: =E6*F6 -> 0 | H6: 2 | I6: 1 | J6: =H6*I6 -> 2 | M6: =K6*L6 -> 0 | P6: =N6*O6 -> 0 | R6: =B6+E6+H6+K6+N6 -> 2 | S6: =(D6+G6+J6+M6+P6)/R6 -> 1 | T6: =R6/$V$3 -> 0.0037735849 | U6: =R6 / _xlfn.XLOOKUP(A6, Top!A:A, Top!AA:AA) -> 0.14285714
A7: Nasus | D7: =B7*C7 -> 0 | G7: =E7*F7 -> 0 | H7: 2 | I7: 1 | J7: =H7*I7 -> 2 | M7: =K7*L7 -> 0 | P7: =N7*O7 -> 0 | R7: =B7+E7+H7+K7+N7 -> 2 | S7: =(D7+G7+J7+M7+P7)/R7 -> 1 | T7: =R7/$V$3 -> 0.0037735849 | U7: =R7 / _xlfn.XLOOKUP(A7, Top!A:A, Top!AA:AA) -> 0.4
A8: Nidalee | D8: =B8*C8 -> 0 | G8: =E8*F8 -> 0 | J8: =H8*I8 -> 0 | K8: 2 | L8: 1 | M8: =K8*L8 -> 2 | P8: =N8*O8 -> 0 | R8: =B8+E8+H8+K8+N8 -> 2 | S8: =(D8+G8+J8+M8+P8)/R8 -> 1 | T8: =R8/$V$3 -> 0.0037735849 | U8: =R8 / _xlfn.XLOOKUP(A8, Top!A:A, Top!AA:AA) -> 0.2
A9: Cho'Gath | D9: =B9*C9 -> 0 | G9: =E9*F9 -> 0 | J9: =H9*I9 -> 0 | K9: 1 | L9: 1 | M9: =K9*L9 -> 1 | P9: =N9*O9 -> 0 | R9: =B9+E9+H9+K9+N9 -> 1 | S9: =(D9+G9+J9+M9+P9)/R9 -> 1 | T9: =R9/$V$3 -> 0.0018867925 | U9: =R9 / _xlfn.XLOOKUP(A9, Top!A:A, Top!AA:AA) -> 0.076923077
A10: Corki | D10: =B10*C10 -> 0 | G10: =E10*F10 -> 0 | H10: 1 | I10: 1 | J10: =H10*I10 -> 1 | M10: =K10*L10 -> 0 | P10: =N10*O10 -> 0 | R10: =B10+E10+H10+K10+N10 -> 1 | S10: =(D10+G10+J10+M10+P10)/R10 -> 1 | T10: =R10/$V$3 -> 0.0018867925 | U10: =R10 / _xlfn.XLOOKUP(A10, Top!A:A, Top!AA:AA) -> 0.2
A11: Galio | D11: =B11*C11 -> 0 | G11: =E11*F11 -> 0 | J11: =H11*I11 -> 0 | K11: 1 | L11: 1 | M11: =K11*L11 -> 1 | P11: =N11*O11 -> 0 | R11: =B11+E11+H11+K11+N11 -> 1 | S11: =(D11+G11+J11+M11+P11)/R11 -> 1 | T11: =R11/$V$3 -> 0.0018867925 | U11: =R11 / _xlfn.XLOOKUP(A11, Top!A:A, Top!AA:AA) -> 0.041666667
A12: Garen | D12: =B12*C12 -> 0 | G12: =E12*F12 -> 0 | H12: 1 | I12: 1 | J12: =H12*I12 -> 1 | M12: =K12*L12 -> 0 | P12: =N12*O12 -> 0 | R12: =B12+E12+H12+K12+N12 -> 1 | S12: =(D12+G12+J12+M12+P12)/R12 -> 1 | T12: =R12/$V$3 -> 0.0018867925 | U12: =R12 / _xlfn.XLOOKUP(A12, Top!A:A, Top!AA:AA) -> 0.1
A13: Kalista | D13: =B13*C13 -> 0 | G13: =E13*F13 -> 0 | H13: 1 | I13: 1 | J13: =H13*I13 -> 1 | M13: =K13*L13 -> 0 | P13: =N13*O13 -> 0 | R13: =B13+E13+H13+K13+N13 -> 1 | S13: =(D13+G13+J13+M13+P13)/R13 -> 1 | T13: =R13/$V$3 -> 0.0018867925 | U13: =R13 / _xlfn.XLOOKUP(A13, Top!A:A, Top!AA:AA) -> 1
A14: Olaf | D14: =B14*C14 -> 0 | G14: =E14*F14 -> 0 | H14: 1 | I14: 1 | J14: =H14*I14 -> 1 | M14: =K14*L14 -> 0 | P14: =N14*O14 -> 0 | R14: =B14+E14+H14+K14+N14 -> 1 | S14: =(D14+G14+J14+M14+P14)/R14 -> 1 | T14: =R14/$V$3 -> 0.0018867925 | U14: =R14 / _xlfn.XLOOKUP(A14, Top!A:A, Top!AA:AA) -> 0.035714286
A15: Tristana | D15: =B15*C15 -> 0 | G15: =E15*F15 -> 0 | H15: 1 | I15: 1 | J15: =H15*I15 -> 1 | M15: =K15*L15 -> 0 | P15: =N15*O15 -> 0 | R15: =B15+E15+H15+K15+N15 -> 1 | S15: =(D15+G15+J15+M15+P15)/R15 -> 1 | T15: =R15/$V$3 -> 0.0018867925 | U15: =R15 / _xlfn.XLOOKUP(A15, Top!A:A, Top!AA:AA) -> 0.33333333
A16: Zac | D16: =B16*C16 -> 0 | G16: =E16*F16 -> 0 | H16: 1 | I16: 1 | J16: =H16*I16 -> 1 | M16: =K16*L16 -> 0 | P16: =N16*O16 -> 0 | R16: =B16+E16+H16+K16+N16 -> 1 | S16: =(D16+G16+J16+M16+P16)/R16 -> 1 | T16: =R16/$V$3 -> 0.0018867925 | U16: =R16 / _xlfn.XLOOKUP(A16, Top!A:A, Top!AA:AA) -> 0.055555556
A17: Twisted Fate | D17: =B17*C17 -> 0 | G17: =E17*F17 -> 0 | H17: 10 | I17: 0.9 | J17: =H17*I17 -> 9 | M17: =K17*L17 -> 0 | P17: =N17*O17 -> 0 | R17: =B17+E17+H17+K17+N17 -> 10 | S17: =(D17+G17+J17+M17+P17)/R17 -> 0.9 | T17: =R17/$V$3 -> 0.018867925 | U17: =R17 / _xlfn.XLOOKUP(A17, Top!A:A, Top!AA:AA) -> 0.20833333
A18: Malphite | B18: 1 | C18: 1 | D18: =B18*C18 -> 1 | E18: 8 | F18: 0.875 | G18: =E18*F18 -> 7 | J18: =H18*I18 -> 0 | M18: =K18*L18 -> 0 | P18: =N18*O18 -> 0 | R18: =B18+E18+H18+K18+N18 -> 9 | S18: =(D18+G18+J18+M18+P18)/R18 -> 0.88888889 | T18: =R18/$V$3 -> 0.016981132 | U18: =R18 / _xlfn.XLOOKUP(A18, Top!A:A, Top!AA:AA) -> 0.25
A19: Skarner | B19: 1 | C19: 0 | D19: =B19*C19 -> 0 | G19: =E19*F19 -> 0 | H19: 5 | I19: 1 | J19: =H19*I19 -> 5 | M19: =K19*L19 -> 0 | P19: =N19*O19 -> 0 | R19: =B19+E19+H19+K19+N19 -> 6 | S19: =(D19+G19+J19+M19+P19)/R19 -> 0.83333333 | T19: =R19/$V$3 -> 0.011320755 | U19: =R19 / _xlfn.XLOOKUP(A19, Top!A:A, Top!AA:AA) -> 0.12765957
A20: Aurora | D20: =B20*C20 -> 0 | G20: =E20*F20 -> 0 | H20: 4 | I20: 0.75 | J20: =H20*I20 -> 3 | K20: 7 | L20: 0.857 | M20: =K20*L20 -> 5.999 | N20: 1 | O20: 1 | P20: =N20*O20 -> 1 | R20: =B20+E20+H20+K20+N20 -> 12 | S20: =(D20+G20+J20+M20+P20)/R20 -> 0.83325 | T20: =R20/$V$3 -> 0.022641509 | U20: =R20 / _xlfn.XLOOKUP(A20, Top!A:A, Top!AA:AA) -> 0.15584416
A21: Rumble | D21: =B21*C21 -> 0 | E21: 2 | F21: 0.5 | G21: =E21*F21 -> 1 | H21: 11 | I21: 0.818 | J21: =H21*I21 -> 8.998 | K21: 15 | L21: 0.733 | M21: =K21*L21 -> 10.995 | N21: 3 | O21: 1 | P21: =N21*O21 -> 3 | R21: =B21+E21+H21+K21+N21 -> 31 | S21: =(D21+G21+J21+M21+P21)/R21 -> 0.77396774 | T21: =R21/$V$3 -> 0.058490566 | U21: =R21 / _xlfn.XLOOKUP(A21, Top!A:A, Top!AA:AA) -> 0.079487179
A22: Aatrox | B22: 1 | C22: 1 | D22: =B22*C22 -> 1 | E22: 3 | F22: 0.333 | G22: =E22*F22 -> 0.999 | H22: 2 | I22: 1 | J22: =H22*I22 -> 2 | K22: 6 | L22: 0.833 | M22: =K22*L22 -> 4.998 | N22: 1 | O22: 1 | P22: =N22*O22 -> 1 | R22: =B22+E22+H22+K22+N22 -> 13 | S22: =(D22+G22+J22+M22+P22)/R22 -> 0.769 | T22: =R22/$V$3 -> 0.024528302 | U22: =R22 / _xlfn.XLOOKUP(A22, Top!A:A, Top!AA:AA) -> 0.039877301
A23: Udyr | D23: =B23*C23 -> 0 | G23: =E23*F23 -> 0 | H23: 11 | I23: 0.818 | J23: =H23*I23 -> 8.998 | K23: 1 | L23: 0 | M23: =K23*L23 -> 0 | P23: =N23*O23 -> 0 | R23: =B23+E23+H23+K23+N23 -> 12 | S23: =(D23+G23+J23+M23+P23)/R23 -> 0.74983333 | T23: =R23/$V$3 -> 0.022641509 | U23: =R23 / _xlfn.XLOOKUP(A23, Top!A:A, Top!AA:AA) -> 0.1875
A24: Jayce | B24: 3 | C24: 0.667 | D24: =B24*C24 -> 2.001 | E24: 4 | F24: 0.75 | G24: =E24*F24 -> 3 | H24: 6 | I24: 0.833 | J24: =H24*I24 -> 4.998 | K24: 12 | L24: 0.75 | M24: =K24*L24 -> 9 | N24: 1 | O24: 0 | P24: =N24*O24 -> 0 | R24: =B24+E24+H24+K24+N24 -> 26 | S24: =(D24+G24+J24+M24+P24)/R24 -> 0.73073077 | T24: =R24/$V$3 -> 0.049056604 | U24: =R24 / _xlfn.XLOOKUP(A24, Top!A:A, Top!AA:AA) -> 0.1003861
A25: Camille | D25: =B25*C25 -> 0 | E25: 5 | F25: 0.4 | G25: =E25*F25 -> 2 | J25: =H25*I25 -> 0 | K25: 6 | L25: 1 | M25: =K25*L25 -> 6 | P25: =N25*O25 -> 0 | R25: =B25+E25+H25+K25+N25 -> 11 | S25: =(D25+G25+J25+M25+P25)/R25 -> 0.72727273 | T25: =R25/$V$3 -> 0.020754717 | U25: =R25 / _xlfn.XLOOKUP(A25, Top!A:A, Top!AA:AA) -> 0.080291971
A26: K'Sante | D26: =B26*C26 -> 0 | E26: 16 | F26: 0.563 | G26: =E26*F26 -> 9.008 | H26: 35 | I26: 0.829 | J26: =H26*I26 -> 29.015 | K26: 17 | L26: 0.647 | M26: =K26*L26 -> 10.999 | P26: =N26*O26 -> 0 | R26: =B26+E26+H26+K26+N26 -> 68 | S26: =(D26+G26+J26+M26+P26)/R26 -> 0.72091176 | T26: =R26/$V$3 -> 0.12830189 | U26: =R26 / _xlfn.XLOOKUP(A26, Top!A:A, Top!AA:AA) -> 0.10179641
A27: Ryze | B27: 1 | C27: 0 | D27: =B27*C27 -> 0 | E27: 3 | F27: 1 | G27: =E27*F27 -> 3 | H27: 2 | I27: 0.5 | J27: =H27*I27 -> 1 | K27: 1 | L27: 1 | M27: =K27*L27 -> 1 | P27: =N27*O27 -> 0 | R27: =B27+E27+H27+K27+N27 -> 7 | S27: =(D27+G27+J27+M27+P27)/R27 -> 0.71428571 | T27: =R27/$V$3 -> 0.013207547 | U27: =R27 / _xlfn.XLOOKUP(A27, Top!A:A, Top!AA:AA) -> 0.7
A28: Renekton | B28: 2 | C28: 0 | D28: =B28*C28 -> 0 | E28: 34 | F28: 0.735 | G28: =E28*F28 -> 24.99 | H28: 6 | I28: 0.5 | J28: =H28*I28 -> 3 | K28: 8 | L28: 0.75 | M28: =K28*L28 -> 6 | N28: 3 | O28: 1 | P28: =N28*O28 -> 3 | R28: =B28+E28+H28+K28+N28 -> 53 | S28: =(D28+G28+J28+M28+P28)/R28 -> 0.69792453 | T28: =R28/$V$3 -> 0.1 | U28: =R28 / _xlfn.XLOOKUP(A28, Top!A:A, Top!AA:AA) -> 0.1037182
A29: Gwen | B29: 14 | C29: 0.5 | D29: =B29*C29 -> 7 | E29: 2 | F29: 0 | G29: =E29*F29 -> 0 | H29: 1 | I29: 0 | J29: =H29*I29 -> 0 | K29: 23 | L29: 0.869 | M29: =K29*L29 -> 19.987 | N29: 3 | O29: 1 | P29: =N29*O29 -> 3 | R29: =B29+E29+H29+K29+N29 -> 43 | S29: =(D29+G29+J29+M29+P29)/R29 -> 0.69737209 | T29: =R29/$V$3 -> 0.081132075 | U29: =R29 / _xlfn.XLOOKUP(A29, Top!A:A, Top!AA:AA) -> 0.11286089
A30: Jax | B30: 1 | C30: 0 | D30: =B30*C30 -> 0 | E30: 22 | F30: 0.727 | G30: =E30*F30 -> 15.994 | H30: 8 | I30: 0.875 | J30: =H30*I30 -> 7 | K30: 2 | L30: 0 | M30: =K30*L30 -> 0 | P30: =N30*O30 -> 0 | R30: =B30+E30+H30+K30+N30 -> 33 | S30: =(D30+G30+J30+M30+P30)/R30 -> 0.69678788 | T30: =R30/$V$3 -> 0.062264151 | U30: =R30 / _xlfn.XLOOKUP(A30, Top!A:A, Top!AA:AA) -> 0.080097087
A31: Tryndamere | B31: 3 | C31: 0.667 | D31: =B31*C31 -> 2.001 | G31: =E31*F31 -> 0 | J31: =H31*I31 -> 0 | M31: =K31*L31 -> 0 | P31: =N31*O31 -> 0 | R31: =B31+E31+H31+K31+N31 -> 3 | S31: =(D31+G31+J31+M31+P31)/R31 -> 0.667 | T31: =R31/$V$3 -> 0.0056603774 | U31: =R31 / _xlfn.XLOOKUP(A31, Top!A:A, Top!AA:AA) -> 0.065217391
A32: Vayne | D32: =B32*C32 -> 0 | G32: =E32*F32 -> 0 | H32: 2 | I32: 1 | J32: =H32*I32 -> 2 | K32: 1 | L32: 0 | M32: =K32*L32 -> 0 | P32: =N32*O32 -> 0 | R32: =B32+E32+H32+K32+N32 -> 3 | S32: =(D32+G32+J32+M32+P32)/R32 -> 0.66666667 | T32: =R32/$V$3 -> 0.0056603774 | U32: =R32 / _xlfn.XLOOKUP(A32, Top!A:A, Top!AA:AA) -> 0.17647059
A33: Gankplank | B33: 7 | C33: 0.429 | D33: =B33*C33 -> 3.003 | E33: 4 | F33: 0.75 | G33: =E33*F33 -> 3 | H33: 5 | I33: 0.8 | J33: =H33*I33 -> 4 | K33: 2 | L33: 0.5 | M33: =K33*L33 -> 1 | P33: =N33*O33 -> 0 | R33: =B33+E33+H33+K33+N33 -> 18 | S33: =(D33+G33+J33+M33+P33)/R33 -> 0.61127778 | T33: =R33/$V$3 -> 0.033962264 | U33: =R33 / _xlfn.XLOOKUP(A33, Top!A:A, Top!AA:AA) -> 0.15
A34: Fiora | B34: 2 | C34: 0.5 | D34: =B34*C34 -> 1 | E34: 3 | F34: 0.667 | G34: =E34*F34 -> 2.001 | J34: =H34*I34 -> 0 | M34: =K34*L34 -> 0 | P34: =N34*O34 -> 0 | R34: =B34+E34+H34+K34+N34 -> 5 | S34: =(D34+G34+J34+M34+P34)/R34 -> 0.6002 | T34: =R34/$V$3 -> 0.0094339623 | U34: =R34 / _xlfn.XLOOKUP(A34, Top!A:A, Top!AA:AA) -> 0.05952381
A35: Rek'Sai | D35: =B35*C35 -> 0 | G35: =E35*F35 -> 0 | H35: 2 | I35: 0 | J35: =H35*I35 -> 0 | K35: 1 | L35: 1 | M35: =K35*L35 -> 1 | N35: 2 | O35: 1 | P35: =N35*O35 -> 2 | R35: =B35+E35+H35+K35+N35 -> 5 | S35: =(D35+G35+J35+M35+P35)/R35 -> 0.6 | T35: =R35/$V$3 -> 0.0094339623 | U35: =R35 / _xlfn.XLOOKUP(A35, Top!A:A, Top!AA:AA) -> 0.10204082
A36: Kennen | B36: 2 | C36: 0.5 | D36: =B36*C36 -> 1 | G36: =E36*F36 -> 0 | H36: 4 | I36: 0.75 | J36: =H36*I36 -> 3 | K36: 1 | L36: 0 | M36: =K36*L36 -> 0 | P36: =N36*O36 -> 0 | R36: =B36+E36+H36+K36+N36 -> 7 | S36: =(D36+G36+J36+M36+P36)/R36 -> 0.57142857 | T36: =R36/$V$3 -> 0.013207547 | U36: =R36 / _xlfn.XLOOKUP(A36, Top!A:A, Top!AA:AA) -> 0.05785124
A37: Poppy | D37: =B37*C37 -> 0 | E37: 1 | F37: 1 | G37: =E37*F37 -> 1 | H37: 2 | I37: 0.5 | J37: =H37*I37 -> 1 | K37: 4 | L37: 0.5 | M37: =K37*L37 -> 2 | P37: =N37*O37 -> 0 | R37: =B37+E37+H37+K37+N37 -> 7 | S37: =(D37+G37+J37+M37+P37)/R37 -> 0.57142857 | T37: =R37/$V$3 -> 0.013207547 | U37: =R37 / _xlfn.XLOOKUP(A37, Top!A:A, Top!AA:AA) -> 0.11666667
A38: Graves | B38: 7 | C38: 0.571 | D38: =B38*C38 -> 3.997 | G38: =E38*F38 -> 0 | J38: =H38*I38 -> 0 | M38: =K38*L38 -> 0 | P38: =N38*O38 -> 0 | R38: =B38+E38+H38+K38+N38 -> 7 | S38: =(D38+G38+J38+M38+P38)/R38 -> 0.571 | T38: =R38/$V$3 -> 0.013207547 | U38: =R38 / _xlfn.XLOOKUP(A38, Top!A:A, Top!AA:AA) -> 0.14285714
A39: Yorick | D39: =B39*C39 -> 0 | G39: =E39*F39 -> 0 | J39: =H39*I39 -> 0 | K39: 7 | L39: 0.571 | M39: =K39*L39 -> 3.997 | P39: =N39*O39 -> 0 | R39: =B39+E39+H39+K39+N39 -> 7 | S39: =(D39+G39+J39+M39+P39)/R39 -> 0.571 | T39: =R39/$V$3 -> 0.013207547 | U39: =R39 / _xlfn.XLOOKUP(A39, Top!A:A, Top!AA:AA) -> 0.109375
A40: Sion | D40: =B40*C40 -> 0 | E40: 5 | F40: 0.4 | G40: =E40*F40 -> 2 | J40: =H40*I40 -> 0 | K40: 13 | L40: 0.538 | M40: =K40*L40 -> 6.994 | N40: 1 | O40: 1 | P40: =N40*O40 -> 1 | R40: =B40+E40+H40+K40+N40 -> 19 | S40: =(D40+G40+J40+M40+P40)/R40 -> 0.526 | T40: =R40/$V$3 -> 0.035849057 | U40: =R40 / _xlfn.XLOOKUP(A40, Top!A:A, Top!AA:AA) -> 0.080851064
